id,src,month,day,year,name_cn,name_native,name_romaji,alt_names,gender,blood,age,types,ptype,work,work_cn,work_year,work_fmt,works,summary,heat,fav,votes,collects,nsfw,image,thumb,alts,palette,tags,url_al,url_bgm,url_vndb,bgm_id
al40882,anilist,3,30,,艾伦·耶格尔,エレン・イェーガー,Eren Yeager,Eren Jaeger / Eren Jäger / Shi ni Isogi Yarou (死に急ぎ野郎) / Suicidal Maniac,男,,15-,动画|Galgame,动画,進撃の巨人,进击的巨人,2013,动画,"[{""t"":""進撃の巨人"",""cn"":""进击的巨人"",""ty"":""动画"",""y"":2013,""pop"":1053882},{""t"":""進撃の巨人 Season２"",""cn"":"""",""ty"":""动画"",""y"":2017,""pop"":733402},{""t"":""進撃の巨人 Season３"",""cn"":"""",""ty"":""动画"",""y"":2018,""pop"":686190},{""t"":""進撃の巨人 The Final Season"",""cn"":""进击的巨人 最终季"",""ty"":""动画"",""y"":2020,""pop"":642537},{""t"":""進撃の巨人 Season３ Part.2"",""cn"":"""",""ty"":""动画"",""y"":2019,""pop"":610781},{""t"":""進撃の巨人 The Final Season Part 2"",""cn"":""进击的巨人 最终季 Part.2"",""ty"":""动画"",""y"":2022,""pop"":440419}]",本作的男主角。15岁（835年生）。拥有强韧的精神力与非凡的行动力，对墙壁外的世界拥有比任何人都要高的憧憬。 故事之初（845年）居住的城镇被未知的“超大型巨人”袭击，“玛利亚之墙”（Wall．Maria）城门遭其脚踢破坏，巨人因而进入第一道城墙区猎食人类，目睹母亲遭巨人吞食后，立誓要消灭所有的巨人。,34963,34963,0,523,,https://lain.bgm.tv/pic/crt/l/e3/2f/18101_crt_343At.jpg?r=1410320023,https://lain.bgm.tv/r/400/pic/crt/l/e3/2f/18101_crt_343At.jpg?r=1410320023,https://s4.anilist.co/file/anilistcdn/character/medium/b40882-dsj7IP943WFF.jpg|https://s4.anilist.co/file/anilistcdn/character/large/b40882-dsj7IP943WFF.jpg,,,https://anilist.co/character/40882,https://bgm.tv/character/18101,,18101
al86,anilist,3,30,2001,绫波零,綾波レイ,Rei Ayanami,First Child / Look-alike / アヤナミレイ(仮称) / Tentative Name: Rei Ayanami,女,不明,14,动画|漫画|游戏|Galgame,动画,新世紀エヴァンゲリオン,新世纪福音战士,1995,动画,"[{""t"":""新世紀エヴァンゲリオン"",""cn"":""新世纪福音战士"",""ty"":""动画"",""y"":1995,""pop"":494637},{""t"":""新世紀エヴァンゲリオン劇場版 Air/まごころを、君に"",""cn"":""新世纪福音战士剧场版 Air/真心为你"",""ty"":""动画"",""y"":1997,""pop"":253351},{""t"":""ヱヴァンゲリヲン新劇場版:序"",""cn"":""福音战士新剧场版：序"",""ty"":""动画"",""y"":2007,""pop"":144872},{""t"":""ヱヴァンゲリヲン新劇場版:破"",""cn"":""福音战士新剧场版：破"",""ty"":""动画"",""y"":2009,""pop"":134199},{""t"":""ヱヴァンゲリヲン新劇場版:Q"",""cn"":""福音战士新剧场版：Q"",""ty"":""动画"",""y"":2012,""pop"":123242},{""t"":""シン・エヴァンゲリオン劇場版:||"",""cn"":"""",""ty"":""动画"",""y"":2021,""pop"":117586}]",有着蓝色短发与红色眼睛的瘦弱少女，EVA驾驶员第一适格者，驾驶零号机。EVA零号机启动实验事故中负重伤，初次登场时包扎有大量绷带。过去经历全部被抹消，资料显示为14岁，行为举止特别。 出生日期不明，在CD『エヴァンゲリオン THE BIRTHDAY OF Rei AYANAMI』由声优林原惠提议为2001年3月30日。,12058,12058,0,1842,,https://lain.bgm.tv/pic/crt/l/c6/36/303_crt_9USuE.jpg?r=1681232400,https://lain.bgm.tv/r/400/pic/crt/l/c6/36/303_crt_9USuE.jpg?r=1681232400,https://s4.anilist.co/file/anilistcdn/character/medium/86-cA1zL7fyls8E.jpg|https://s4.anilist.co/file/anilistcdn/character/large/86-cA1zL7fyls8E.jpg,,,https://anilist.co/character/86,https://bgm.tv/character/303,,303
vndb-c16639,vndb,3,30,,美鸟,美鳥,Midori,,女,,,Galgame,Galgame,リトルバスターズ！,Little Busters!,2007,Galgame,"[{""t"":""リトルバスターズ！"",""cn"":""Little Busters!"",""ty"":""Galgame"",""y"":2007,""pop"":9276},{""t"":""リトルバスターズ！ＳＳ"",""cn"":"""",""ty"":""Galgame"",""y"":2012,""pop"":91}]",夕月の女学校時代の親友。夕月が珠彦のところへ来てからも、ずっと文通を続けている。,9276,0,9276,3,,https://lain.bgm.tv/pic/crt/l/1d/b3/74461_crt_YjL6a.jpg,https://lain.bgm.tv/r/400/pic/crt/l/1d/b3/74461_crt_YjL6a.jpg,https://t.vndb.org/ch/45/27945.jpg,,Blue Short Straight Teen Slim Pale School Uniform Cowgirl Virgin Sex Amber,,https://bgm.tv/character/74461,https://vndb.org/c16639,74461
bgm-bgm11718,vndb,3,30,,田中优美清春香菜,田中 優美清春香菜,Tanaka Yubiseiharukana,Tanaka Yukie / You / You'haru' / Yu,女,O,,Galgame,Galgame,Ever17 -the out of infinity-,时空轮回,2002,Galgame,"[{""t"":""Ever17 -the out of infinity-"",""cn"":""时空轮回"",""ty"":""Galgame"",""y"":2002,""pop"":8747},{""t"":""Ever17"",""cn"":"""",""ty"":""Galgame"",""y"":2011,""pop"":257},{""t"":""Ever17 -the out of infinity-"",""cn"":""时空轮回"",""ty"":""Galgame"",""y"":2002,""pop"":0},{""t"":""Ever17"",""cn"":"""",""ty"":""Galgame"",""y"":2011,""pop"":0},{""t"":""Ever17 ボーカルコレクション"",""cn"":""Ever17 人声精选集"",""ty"":""音乐"",""y"":2003,""pop"":0},{""t"":""Ever17 シングルコレクション Action.1 田中優美清春香菜〈CV:下屋則子〉"",""cn"":"""",""ty"":""音乐"",""y"":2003,""pop"":0}]",LeMU的工作人员，“優美清春香菜”这个名字是她父亲取的理由。“田中”这个姓太泛滥所以至少取个独特的名字加以区别。大多数朋友都叫她“优”或者“小优”。拥有十分丰富的紧急处理知识以及超自然能力相关，很能说话。爽快，愉快，痛快，决不会后悔的性格。 「因为不相信所以才想详细了解，我的知识并不是用来防御的，而是用来攻击的！」 「我是优……I am You！」,8747,0,8747,102,,https://lain.bgm.tv/pic/crt/l/76/ac/11718_crt_HRkJd.jpg,https://lain.bgm.tv/r/400/pic/crt/l/76/ac/11718_crt_HRkJd.jpg,https://t.vndb.org/ch/92/119992.jpg,,Bob Cut Short Straight Teen Slim Pale Uniform Orphan Disaster Amber,,https://bgm.tv/character/11718,https://vndb.org/c28,11718
bgm-bgm31323,vndb,3,30,,夏目圭,夏目 圭,Natsume Kei,,男,,,Galgame,Galgame,サクラノ詩－櫻の森の上を舞う－,,2015,Galgame,"[{""t"":""サクラノ詩－櫻の森の上を舞う－"",""cn"":"""",""ty"":""Galgame"",""y"":2015,""pop"":2546},{""t"":""サクラノ刻－櫻の森の下を歩む－"",""cn"":"""",""ty"":""Galgame"",""y"":2023,""pop"":1087},{""t"":""√ after and another"",""cn"":"""",""ty"":""Galgame"",""y"":2007,""pop"":253},{""t"":""サクラノ詩 —櫻の森の上を舞う—"",""cn"":""樱之诗 - 在樱花之森上飞舞"",""ty"":""Galgame"",""y"":2015,""pop"":0},{""t"":""サクラノ刻 -櫻の森の下を歩む-"",""cn"":""樱之刻 - 于樱花之森下漫步"",""ty"":""Galgame"",""y"":2023,""pop"":0},{""t"":""サクラノ詩 -The tear flows because of tenderness.- 春ノ雪"",""cn"":""樱之诗 ～春之雪～"",""ty"":""Galgame"",""y"":2008,""pop"":0}]",主人公の親友。 主人公とは中学以来の付き合いで、性格は快活で社交的。 女の子と見まごう外見のため、学校内でもプチ有名人。 父が死んで天涯孤独となった主人公を自分の家に誘い、半ば強引に （事故によって） 同居させる。 絵に対しては真剣で、直哉と共に草薙健一郎を超える世界的な芸術家になると信じている。 原画：基4%,2546,0,2546,179,,https://lain.bgm.tv/pic/crt/l/9e/8e/31323_crt_rtSF5.jpg,https://lain.bgm.tv/r/400/pic/crt/l/9e/8e/31323_crt_rtSF5.jpg,https://t.vndb.org/ch/09/65609.jpg,,White Twin Tails Short Cross-dressing Trap Teen Slim Pale Trousers Proactive,,https://bgm.tv/character/31323,https://vndb.org/c35358,31323
al199891,anilist,3,30,,泽木桃惠,沢木桃恵,Momoe Sawaki,Momotaro,女,,14,动画,动画,ワンダーエッグ・プライオリティ,奇蛋物语,2021,动画,"[{""t"":""ワンダーエッグ・プライオリティ"",""cn"":""奇蛋物语"",""ty"":""动画"",""y"":2021,""pop"":284993},{""t"":""ワンダーエッグ・プライオリティ 特別編"",""cn"":""奇蛋物语 特别篇"",""ty"":""动画"",""y"":2021,""pop"":66404},{""t"":""ワンダーエッグ・プライオリティ"",""cn"":""奇蛋物语"",""ty"":""动画"",""y"":2021,""pop"":0},{""t"":""ワンダーエッグ・プライオリティ 特別編"",""cn"":""奇蛋物语 特别篇"",""ty"":""动画"",""y"":2021,""pop"":0}]",14歳。左目の下のほくろと、 すらっとした長身が特徴的な少女。 男子に間違われることもあり、女子にモテる。,1773,1773,0,70,,https://lain.bgm.tv/pic/crt/l/8d/dd/88673_crt_khGkj.jpg?r=1615546868,https://lain.bgm.tv/r/400/pic/crt/l/8d/dd/88673_crt_khGkj.jpg?r=1615546868,https://s4.anilist.co/file/anilistcdn/character/medium/b199891-YNqLCCE8VAHW.png|https://s4.anilist.co/file/anilistcdn/character/large/b199891-YNqLCCE8VAHW.png,,,https://anilist.co/character/199891,https://bgm.tv/character/88673,,88673
al281250,anilist,3,30,,铃木实优,鈴木みゆ,Miyu Suzuki,,女,A,16-17,动画|漫画,动画,正反対な君と僕,相反的你和我,2026,动画,"[{""t"":""正反対な君と僕"",""cn"":""相反的你和我"",""ty"":""动画"",""y"":2026,""pop"":123340},{""t"":""氷の城壁"",""cn"":""冰之城墙"",""ty"":""动画"",""y"":2026,""pop"":77520},{""t"":""正反対な君と僕 第2期"",""cn"":""相反的你和我 第二季"",""ty"":""动画"",""y"":2026,""pop"":59340},{""t"":""正反対な君と僕"",""cn"":""相反的你和我"",""ty"":""漫画"",""y"":2022,""pop"":21004},{""t"":""ラーメン赤猫"",""cn"":"""",""ty"":""漫画"",""y"":2022,""pop"":1288},{""t"":""正反対な君と僕"",""cn"":""相反的你和我"",""ty"":""漫画"",""y"":2021,""pop"":841}]",元気いっぱいだけど周りの目が気になってしまう女子。 自分とは反対に誰に対してもブレない谷に憧れているが、普通に接することが出来ず、いつもダル絡みしてしまう。,1225,1225,0,124,,https://lain.bgm.tv/pic/crt/l/e8/0c/166839_crt_2Krz5.jpg?r=1741015359,https://lain.bgm.tv/r/400/pic/crt/l/e8/0c/166839_crt_2Krz5.jpg?r=1741015359,https://s4.anilist.co/file/anilistcdn/character/medium/b281250-3Ce6zhYCFWtN.png|https://s4.anilist.co/file/anilistcdn/character/large/b281250-3Ce6zhYCFWtN.png,,,https://anilist.co/character/281250,https://bgm.tv/character/166839,,166839
al3100,anilist,3,30,,涅音梦,涅ネム,Nemu Kurotsuchi,No.7,女,,,动画|漫画,动画,BLEACH,死神,2004,动画,"[{""t"":""BLEACH"",""cn"":""死神"",""ty"":""动画"",""y"":2004,""pop"":521026},{""t"":""BLEACH 千年血戦篇-訣別譚-"",""cn"":""死神 千年血战篇-诀别谭-"",""ty"":""动画"",""y"":2023,""pop"":143301},{""t"":""BLEACH"",""cn"":""死神"",""ty"":""漫画"",""y"":2001,""pop"":121044},{""t"":""BLEACH 千年血戦篇-相剋譚-"",""cn"":""死神 千年血战篇-相克谭-"",""ty"":""动画"",""y"":2024,""pop"":117708},{""t"":""BLEACH The DiamondDust Rebellion もう一つの氷輪丸"",""cn"":"""",""ty"":""动画"",""y"":2007,""pop"":42491},{""t"":""BLEACH Fade to Black 君の名を呼ぶ"",""cn"":"""",""ty"":""动画"",""y"":2008,""pop"":41781}]",十二番隊副隊長。 隊長の涅マユリが研究の粋を集めて 作り出した擬似魂魄であり、マユリには絶対服従。 身体機能は極めて高い。,742,742,0,50,,https://lain.bgm.tv/pic/crt/l/8b/17/7847_crt_2kjt8.jpg,https://lain.bgm.tv/r/400/pic/crt/l/8b/17/7847_crt_2kjt8.jpg,https://s4.anilist.co/file/anilistcdn/character/medium/b3100-RTZLrbclOLRh.jpg|https://s4.anilist.co/file/anilistcdn/character/large/b3100-RTZLrbclOLRh.jpg,,,https://anilist.co/character/3100,https://bgm.tv/character/7847,,7847
vndb-c68013,vndb,3,30,,樱子,桜子,Sakurako,,女,O,,Galgame,Galgame,Tropical Liquor,,2018,Galgame,,樱花壹号机“初雪”的驾驶员，在学校跟佑树同班,456,0,456,1,,https://lain.bgm.tv/pic/crt/l/67/8b/16843_crt_7Phhh.jpg,https://lain.bgm.tv/r/400/pic/crt/l/67/8b/16843_crt_7Phhh.jpg,https://t.vndb.org/ch/27/81927.jpg,,Black Hime Cut Long Slim Pale Virgin Sex Violet Young-adult Kimono Airhead,,https://bgm.tv/character/16843,https://vndb.org/c68013,16843
vndb-c64860,vndb,3,30,,,,Finley,Jelly Donut,女,,,Galgame,Galgame,Hustle Cat,,2016,Galgame,,"Finley, the joyful social media intern, has a lot of energy to share with everyone. Can you keep up with her and her love of Internet cats? [From Kickstarter]",348,0,348,0,,https://t.vndb.org/ch/88/77988.jpg,https://t.vndb.org/ch/88/77988.jpg,,#fd53a4 #7d6853 #3a302d #bec19c #f0e8d5,Black Brown Waist Length+ Brown Slim Pale Magician Young-adult Pantyhose Employee,,,https://vndb.org/c64860,
vndb-c74864,vndb,3,30,,,芽守 百,Mekami Hiyu,,女,A,,Galgame,Galgame,1bitHeart,,2015,Galgame,,A girl who loves virus extermination. She has a future ambition to surpass the Master Program and eradicate all viruses and malware.,316,0,316,0,,https://t.vndb.org/ch/27/90627.jpg,https://t.vndb.org/ch/27/90627.jpg,,#901c14 #a16763 #43303d #8c8f76 #d5bbb1 #565957,Ahoge Green Red Friend Coder Symbol Twin Braids Eye Mask,,,https://vndb.org/c74864,
al323821,anilist,3,30,2007,光月真昼,光月まひる,Mahiru Kouzuki,Yoru (ヨル),女,B,17,动画|漫画|轻小说,动画,夜のクラゲは泳げない,夜晚的水母不会游泳,2024,动画,"[{""t"":""夜のクラゲは泳げない"",""cn"":""夜晚的水母不会游泳"",""ty"":""动画"",""y"":2024,""pop"":62468},{""t"":""夜のクラゲは泳げない"",""cn"":""夜晚的水母不会游泳"",""ty"":""漫画"",""y"":2024,""pop"":930},{""t"":""小説　夜のクラゲは泳げない"",""cn"":"""",""ty"":""轻小说"",""y"":2024,""pop"":329},{""t"":""夜のクラゲは泳げない"",""cn"":""夜晚的水母不会游泳"",""ty"":""动画"",""y"":2024,""pop"":0}]",ことなかれ主義の量産型女子高生。 感受性が強すぎるきらいがあり、人に心から寄り添える一方で小さなことでも傷つきやすいところがある。 幼少期はイラストレーター「海月ヨル」として活動していたが、とある出来事が原因で活動休止に追い込まれる。 それゆえに特別であることにトラウマがあり、できるだけ普通であろうと日々を過ごしていた。 しかし、花音との出会いがきっかけとなり、彼女の日常はまた特別へと向かっていく。,249,249,0,141,,https://lain.bgm.tv/pic/crt/l/d4/db/141513_crt_2pX1W.jpg?r=1707919785,https://lain.bgm.tv/r/400/pic/crt/l/d4/db/141513_crt_2pX1W.jpg?r=1707919785,https://s4.anilist.co/file/anilistcdn/character/medium/b323821-iJcXLuaa4uoa.png|https://s4.anilist.co/file/anilistcdn/character/large/b323821-iJcXLuaa4uoa.png,,,https://anilist.co/character/323821,https://bgm.tv/character/141513,,141513
bgm-bgm62781,vndb,3,30,,,山科 良子,Yamashina Ryouko,,女,AB,,Galgame,Galgame,男痴妻～オトコト、シマクル、オンナタチ～,,2011,Galgame,"[{""t"":""男痴妻～オトコト、シマクル、オンナタチ～"",""cn"":"""",""ty"":""Galgame"",""y"":2011,""pop"":238},{""t"":""男痴妻～オトコト、シマクル、オンナタチ～"",""cn"":"""",""ty"":""Galgame"",""y"":2011,""pop"":0}]",もの静かで、自分から主張することはほとんどない、控え目な性格。 夫との関係など様々な欲求不満を抱えているが、それをうまく解決も発散もできず、日々悶々としている。 爽やかな主人公に対し、もし彼と恋愛できたら……と妄想してドキドキしたりする。 そんな彼女からの熱視線を感じた主人公は、こりゃイケるな、と舌なめずりして狙いをつけている。,238,0,238,2,,https://lain.bgm.tv/pic/crt/l/8b/31/62781_crt_l6g45.jpg,https://lain.bgm.tv/r/400/pic/crt/l/8b/31/62781_crt_l6g45.jpg,https://t.vndb.org/ch/63/187963.jpg,,Brown Wavy Short Pale Sweater Missionary Cowgirl Blowjob Blue Adult,,https://bgm.tv/character/62781,https://vndb.org/c23550,62781
bgm-bgm173805,vndb,3,30,,虹上伊吕波,니지우에 이로하,Nijiue Iroha,Super High School Level Painter,女,A,,Galgame,Galgame,슈퍼 단간론파 어나더 2 ~희망의 달과 절망의 태양~,,2020,Galgame,"[{""t"":""슈퍼 단간론파 어나더 2 ~희망의 달과 절망의 태양~"",""cn"":"""",""ty"":""Galgame"",""y"":2020,""pop"":182},{""t"":""슈퍼 단간론파 어나더 2 ~ 희망의 달과 절망의 태양 ~"",""cn"":""超级弹丸论破Another2 ~希望之月与绝望之日~"",""ty"":""Galgame"",""y"":2020,""pop"":0}]",出生在著名的美术世家。虽然擅长写实风格的绘画，但其实本人最喜欢的绘画类型是漫画。性格胆小懦弱，但总是保持着积极的态度。虽然本心并不坏但由于脑子不太好使的原因，经常被别人牵着鼻子走。,182,0,182,3,,https://lain.bgm.tv/pic/crt/l/ae/e8/173805_crt_Ij8b1.jpg,https://lain.bgm.tv/r/400/pic/crt/l/ae/e8/173805_crt_Ij8b1.jpg,https://t.vndb.org/ch/60/139360.jpg,,Brown Pale Necktie Vest Skirt Otaku Idiot Selfish Shy Friendly,,https://bgm.tv/character/173805,https://vndb.org/c116929,173805
vndb-c143469,vndb,3,30,,,夏炽湄,Xia Chi Mei,Hạ Sí My / Nyx Xia,女,,,Galgame,Galgame,不恋爱就完蛋了,,2025,Galgame,,"The playmate in childhood, had arranged marriage with protagonist before birth, which was canceled because they were of the same gender. Several years after, they meet again.",181,0,181,0,,https://t.vndb.org/ch/04/174104.jpg,https://t.vndb.org/ch/04/174104.jpg,,#4c3f40 #94898b #e7ddde #c3bec3 #ffffff,Brown Short Villain Cooking Red Yandere Childhood Friend Mind Control Demon Possessive,,,https://vndb.org/c143469,
bgm-bgm89126,vndb,3,30,,雅·朝日奈,？？？,???,ミヤビ・アサヒナ / Miyabi Asahina / 朝日奈 雅,女,A,,Galgame,Galgame,ハッピーライヴ ショウアップ！,,2021,Galgame,"[{""t"":""ハッピーライヴ ショウアップ！"",""cn"":"""",""ty"":""Galgame"",""y"":2021,""pop"":166},{""t"":""ハッピーライヴ ショウアップ アンコール！！"",""cn"":"""",""ty"":""Galgame"",""y"":2023,""pop"":64},{""t"":""ハッピーライヴ ショウアップ アンコール！！"",""cn"":"""",""ty"":""Galgame"",""y"":2023,""pop"":0},{""t"":""ハッピーライヴ ショウアップ！"",""cn"":"""",""ty"":""Galgame"",""y"":2021,""pop"":0}]",ヤポンの伝統衣装であるキモノを着た謎の少女。アキトの過去に深く関係しているようだが……?,166,0,166,30,,https://lain.bgm.tv/pic/crt/l/07/fa/89126_crt_ORHvj.jpg,https://lain.bgm.tv/r/400/pic/crt/l/07/fa/89126_crt_ORHvj.jpg,https://storage.moegirl.org.cn/moegirl/commons/4/40/%E6%9C%9D%E6%97%A5%E5%A5%88%E9%9B%85.png!/fw/480/watermark/url/L21vZWdpcmwvd2F0ZXJtYXJrLnBuZw==/align/southeast/margin/10x10/opacity/50?v=20230624103938|https://storage.moegirl.org.cn/moegirl/commons/4/40/%E6%9C%9D%E6%97%A5%E5%A5%88%E9%9B%85.png|https://t.vndb.org/ch/51/114151.jpg,,Black Bun Teen Slim Pale School Uniform Proactive Magician Missionary Doggy Style,,https://bgm.tv/character/89126,https://vndb.org/c94604,89126
vndb-c19103,vndb,3,30,,,村上 久斗,Murakami Hisato,,男,A,,Galgame,Galgame,Flyable CandyHeart,,2011,Galgame,"[{""t"":""Flyable CandyHeart"",""cn"":"""",""ty"":""Galgame"",""y"":2011,""pop"":160},{""t"":""Peace@Pieces"",""cn"":""Peace@Pieces"",""ty"":""Galgame"",""y"":2004,""pop"":55},{""t"":""Peace＠Piecesファンディスク　わんもあ＠ぴぃしぃず"",""cn"":"""",""ty"":""Galgame"",""y"":2005,""pop"":20}]",教師としての貫禄がまるで無い。 熱いコスモも持って教師の道に進む、熱血教師になりたい人。 基本的に女の子が大好きだけど、自分から女性にアクションをおこせない根性なしのムッツリ系。 何もできない小市民。 物語冒頭でヒカルが放った攻撃により、眠っていた特殊能力が目覚めたらしく、 死神や魂を識別できるようになる。,160,0,160,0,,https://lain.bgm.tv/pic/crt/l/27/d3/107526_crt_7bm3O.jpg,https://lain.bgm.tv/r/400/pic/crt/l/27/d3/107526_crt_7bm3O.jpg,https://t.vndb.org/ch/96/23796.jpg,,Black Short Slim Pale Donkan Amber Young-adult Necktie Shirt Ore,,https://bgm.tv/character/107526,https://vndb.org/c19103,107526
al2264,anilist,3,30,1976,,弾間龍二,Ryuuji Danma,,男,,,动画|漫画,动画,GTO,麻辣教师GTO,1999,动画,"[{""t"":""GTO"",""cn"":""麻辣教师GTO"",""ty"":""动画"",""y"":1999,""pop"":175910},{""t"":""GTO"",""cn"":""麻辣教师GTO"",""ty"":""漫画"",""y"":1997,""pop"":56098},{""t"":""湘南純愛組!"",""cn"":""湘南纯爱组"",""ty"":""动画"",""y"":1994,""pop"":13060},{""t"":""湘南純愛組！"",""cn"":""湘南纯爱组"",""ty"":""漫画"",""y"":1990,""pop"":9704},{""t"":""BAD COMPANY"",""cn"":""麻辣拍档"",""ty"":""漫画"",""y"":1997,""pop"":6309},{""t"":""GTO パラダイス・ロスト"",""cn"":"""",""ty"":""漫画"",""y"":2014,""pop"":6011}]",前作『湘南純愛組!』で鬼塚と「鬼爆コンビ」を組んだ親友で、一緒に飲みに行ったり殴りあったりする仲。1976年3月30日生まれ。血液型はA型。恋人の渚との関係は前回から続いていて良好。バイクショップの雇われ店長。前作と違い、メガネをかけている。 常識のある苦労人で、相変わらず無茶な鬼塚の尻拭いをさせられたりもしているが、殴り合って水に流すなど男気溢れる性格をしている。,158,158,0,5,,https://lain.bgm.tv/pic/crt/l/ff/16/26858_crt_XfiDX.jpg,https://lain.bgm.tv/r/400/pic/crt/l/ff/16/26858_crt_XfiDX.jpg,https://s4.anilist.co/file/anilistcdn/character/medium/2264.jpg|https://s4.anilist.co/file/anilistcdn/character/large/2264.jpg,,,https://anilist.co/character/2264,https://bgm.tv/character/26858,,26858
vndb-c92131,vndb,3,30,,,,Kurato,,男,,,Galgame,Galgame,Dark Nights,,2019,Galgame,,"He looks energetic and cheerful. After a few accidents and misunderstandings, he is labeled as perverted stalker. He is often lazy and slacks off at almost everything that is appointed to him. At difficult times, he can be serious.",155,0,155,0,,https://t.vndb.org/ch/46/149446.jpg,https://t.vndb.org/ch/46/149446.jpg,,#3d3447 #bda7a4 #888790 #f2f1f1,Brown Curtained Short Teen Pale Fighting Muscular Coat Hat Secretive,,,https://vndb.org/c92131,
al1258,anilist,3,30,1977,碇唯,碇ユイ,Yui Ikari,綾波ユイ / 绫波唯,女,,27,动画|游戏,动画,新世紀エヴァンゲリオン,新世纪福音战士,1995,动画,"[{""t"":""新世紀エヴァンゲリオン"",""cn"":""新世纪福音战士"",""ty"":""动画"",""y"":1995,""pop"":494637},{""t"":""新世紀エヴァンゲリオン劇場版 Air/まごころを、君に"",""cn"":""新世纪福音战士剧场版 Air/真心为你"",""ty"":""动画"",""y"":1997,""pop"":253351},{""t"":""ヱヴァンゲリヲン新劇場版:序"",""cn"":""福音战士新剧场版：序"",""ty"":""动画"",""y"":2007,""pop"":144872},{""t"":""ヱヴァンゲリヲン新劇場版:破"",""cn"":""福音战士新剧场版：破"",""ty"":""动画"",""y"":2009,""pop"":134199},{""t"":""ヱヴァンゲリヲン新劇場版:Q"",""cn"":""福音战士新剧场版：Q"",""ty"":""动画"",""y"":2012,""pop"":123242},{""t"":""新世紀エヴァンゲリオン劇場版 シト新生"",""cn"":""新世纪福音战士剧场版 死与新生"",""ty"":""动画"",""y"":1997,""pop"":61824}]",主人公碇シンジの母にして、碇ゲンドウの妻。物語の秘密部分の鍵を握るキーパーソンである。容姿は綾波レイに酷似している。 京都大学にて生物工学を専攻する。このとき京都大学の形而上生物学助教授（当時）である冬月コウゾウと出会い、またユイの背後にあるゼーレ（ゲーム新世紀エヴァンゲリオン2ではユイはゼーレの有力者の血族、とする）との接触を図って接近してきた六分儀ゲンドウと交際を始める。セカンドインパクト後には人工進化研究所に所属し、エヴァの開発に当たった。,135,135,0,63,,https://lain.bgm.tv/pic/crt/l/e4/7c/42379_crt_75zpe.jpg?r=1465479816,https://lain.bgm.tv/r/400/pic/crt/l/e4/7c/42379_crt_75zpe.jpg?r=1465479816,https://s4.anilist.co/file/anilistcdn/character/medium/1258-FiCAgSWsP2Xz.png|https://s4.anilist.co/file/anilistcdn/character/large/1258-FiCAgSWsP2Xz.png,,,https://anilist.co/character/1258,https://bgm.tv/character/42379,,42379
bgm-bgm163997,bangumi,3,30,,赤城结奈,赤城ユイナ,Akagi Yuina,,其他,O,,动画,动画,前橋ウィッチーズ,前桥魔女,2025,动画,,とにかく明るい高校1年生。カメラが好きで、“エモエモ最強マックスな1枚”を撮るのを目標にしている。流行にはとりあえず乗っかるが、全てにわか。フラットな視点で物事を捉えており、魔女修業の中で周囲を無自覚のうちに変えていく。,131,0,0,131,,https://lain.bgm.tv/pic/crt/l/bf/00/163997_crt_eaLT2.jpg?r=1725532020,https://lain.bgm.tv/r/400/pic/crt/l/bf/00/163997_crt_eaLT2.jpg?r=1725532020,,,,,https://bgm.tv/character/163997,,163997
vndb-c121988,vndb,3,30,,格蕾丝 麦迪逊,,Grace Madison,Ultimate Golfer,女,,,Galgame,Galgame,Project: Eden's Garden,弹丸论破伊甸园,2024,Galgame,,The pressure of competing against the Ultimate Golfer leaves many of her opponents afraid of ever meeting her face-to-face on the green.,122,0,122,0,,https://lain.bgm.tv/pic/crt/l/e2/1e/173849_crt_53v2O.jpg,https://lain.bgm.tv/r/400/pic/crt/l/e2/1e/173849_crt_53v2O.jpg,https://t.vndb.org/ch/99/143999.jpg,,Pink Ponytail Pale Jacket Sports Shoes Bullying Arrogant Confinement Rude Tomboy,,https://bgm.tv/character/173849,https://vndb.org/c121988,173849
vndb-c39880,vndb,3,30,,坂口春生,坂口 春生,Sakaguchi Haruo,,男,,,Galgame,Galgame,喧嘩番長乙女,喧哗番长 乙女,2016,Galgame,"[{""t"":""喧嘩番長乙女"",""cn"":""喧哗番长 乙女"",""ty"":""Galgame"",""y"":2016,""pop"":111},{""t"":""喧嘩番長 乙女 ～完全無欠のマイハニー～"",""cn"":""喧哗番长 乙女 ～我的完美甜心～"",""ty"":""Galgame"",""y"":2017,""pop"":42},{""t"":""喧嘩番長 乙女 2nd Rumble!!"",""cn"":""喧哗番长 乙女 2nd Rumble!!"",""ty"":""Galgame"",""y"":2019,""pop"":21}]","""Milady! Please don't do anything rash!"" Pervert The young leading subordinate of Onigashima's henchmen and Hikaru's caretaker. He's a graduate of Shishiku Academy.",111,0,111,1,,https://lain.bgm.tv/pic/crt/l/8a/0c/41950_crt_KyQQy.jpg?r=1497713524,https://lain.bgm.tv/r/400/pic/crt/l/8a/0c/41950_crt_KyQQy.jpg?r=1497713524,https://t.vndb.org/ch/86/48086.jpg,,Blond Cooking Young-adult Suit Necktie Ore Pervert Planning Kind Sunglasses,,https://bgm.tv/character/41950,https://vndb.org/c39880,41950
vndb-c62484,vndb,3,30,,,フィンセント・ファン・ゴッホ,Vincent van Gogh,Vinny,男,,,Galgame,Galgame,イケメンヴァンパイア◆偉人たちと恋の誘惑,,2017,Galgame,,17岁,111,0,111,0,,https://lain.bgm.tv/pic/crt/l/ba/24/134747_crt_ykK5L.jpg,https://lain.bgm.tv/r/400/pic/crt/l/ba/24/134747_crt_ykK5L.jpg,https://t.vndb.org/ch/64/74764.jpg,,Blond Short Pale Sweater Trousers Blue Young-adult Earrings Jacket Scarf,,https://bgm.tv/character/134747,https://vndb.org/c62484,134747
vndb-c27393,vndb,3,30,,,相沢 真,Aizawa Makoto,,男,,,Galgame,Galgame,24時、君のハートは盗まれる～怪盗ジェイド～,,2004,Galgame,,この物語の主人公。伯應学園の普通科に通っていたが、突然魔法の力が発現してしまい「魔法科」に参加することになった。得意魔法は「破壊」。 誕生日：3月30日 / 特技：どんな所でも一瞬で爆睡出来る / 好きな子のタイプ：可愛い人 / 性格：前向きでいつも一生懸命。少々天然でドジなところもある。 / 得意な魔法：破壊 / 癖：面白くないことがあると、壁や地面を蹴っ飛ばす,99,0,99,0,,https://lain.bgm.tv/pic/crt/l/94/12/74812_crt_qGAko.jpg,https://lain.bgm.tv/r/400/pic/crt/l/94/12/74812_crt_qGAko.jpg,https://t.vndb.org/ch/85/33385.jpg,,Brown Short Brown Teen Pale School Uniform Trousers Magician Missionary Virgin Sex,,https://bgm.tv/character/74812,https://vndb.org/c27393,74812
bgm-bgm50961,vndb,3,30,,碓冰真澄,碓氷 真澄,Usui Masumi,Massu  / Psycho Stalker,男,B,,动画|Galgame,Galgame,A3!,,2017,Galgame,"[{""t"":""A3!"",""cn"":"""",""ty"":""Galgame"",""y"":2017,""pop"":87},{""t"":""A3！（エースリー）"",""cn"":""A3！满开剧团"",""ty"":""Galgame"",""y"":2017,""pop"":0},{""t"":""A3! SEASON AUTUMN ＆ WINTER"",""cn"":""A3！满开剧团 秋&冬"",""ty"":""动画"",""y"":2020,""pop"":0},{""t"":""A3! SEASON SPRING ＆ SUMMER"",""cn"":""A3！满开剧团 春&夏"",""ty"":""动画"",""y"":2020,""pop"":0},{""t"":""A3! Blooming SPRING EP"",""cn"":"""",""ty"":""音乐"",""y"":2017,""pop"":0},{""t"":""A3! First SPRING EP"",""cn"":"""",""ty"":""音乐"",""y"":2017,""pop"":0}]",街で見かけたあなたに一目惚れしてMANKAIカンパニーに入団した二人目の団員。素人ながら芝居への勘・セリフの暗記力などがピカイチだが、すべてのモチベーションがあなたに褒められることに向いており、他の劇団員への対応がぞんざいな問題児。両親が海外を飛び回っており、本人も自由奔放。,87,0,87,6,,https://lain.bgm.tv/pic/crt/l/fa/85/50961_crt_D90V0.jpg?r=1581636571,https://lain.bgm.tv/r/400/pic/crt/l/fa/85/50961_crt_D90V0.jpg?r=1581636571,https://t.vndb.org/ch/98/108798.jpg,,Black Blond Violet Jacket Shirt Deredere Carefree Reserved Wealthy High School Student,,https://bgm.tv/character/50961,https://vndb.org/c90160,50961
bgm-bgm53209,vndb,3,30,,,伊波 咲,Inami Saki,,女,A,,动画|Galgame,Galgame,パコマネ わたし、今日から名門野球部の性処理係になります…,,2017,Galgame,"[{""t"":""パコマネ わたし、今日から名門野球部の性処理係になります…"",""cn"":"""",""ty"":""Galgame"",""y"":2017,""pop"":81},{""t"":""パコマネ わたし、今日から名門野球部の性処理係になります…"",""cn"":"""",""ty"":""Galgame"",""y"":2017,""pop"":0},{""t"":""パコマネ わたし、今日から名門野球部の性処理係になります… THE ANIMATION"",""cn"":""性奴经理"",""ty"":""动画"",""y"":2017,""pop"":0}]",本作の主人公。 全国的に名の知れた野球の名門校・箱峰学院に通う1年生。 たまたま観戦した野球の試合に感動し、マネージャーになった。 明るく前向きで、周囲への気配りもできる。 努力型であり、未経験ながらマネージャーとしての資質を秘めている。 「選手の人たちと一緒に野球をするような気持ちで、全身全霊で務め上げたいと思います！」,81,0,81,11,,https://lain.bgm.tv/pic/crt/l/fa/29/53209_crt_4DG8Q.jpg,https://lain.bgm.tv/r/400/pic/crt/l/fa/29/53209_crt_4DG8Q.jpg,https://t.vndb.org/ch/54/70954.jpg,,Brown Twin Tails Long Teen Slim Pale Sweater Hard Worker Doggy Style Cowgirl,,https://bgm.tv/character/53209,https://vndb.org/c59648,53209
vndb-c9834,vndb,3,30,,,矢式 百春,Yashiki Momoharu,,男,O,,Galgame,Galgame,世界征服彼女,,2010,Galgame,"[{""t"":""世界征服彼女"",""cn"":"""",""ty"":""Galgame"",""y"":2010,""pop"":78},{""t"":""World Wide Love! 世界征服彼女ファンディスク"",""cn"":"""",""ty"":""Galgame"",""y"":2011,""pop"":36}]",,78,0,78,0,,https://t.vndb.org/ch/61/10761.jpg,https://t.vndb.org/ch/61/10761.jpg,,#466577 #a49181 #e9cc9e #e6e1cf #f5f6f0 #ffffff,Blond Curtained Shoulder-length Teen Slim Pale School Uniform Blue Necktie Friend,,,https://vndb.org/c9834,
bgm-bgm173547,bangumi,3,30,,月见瑠奈,月見るな,,,其他,,,动画|漫画,动画,幼馴染とはラブコメにならない,和青梅竹马之间不会有恋爱喜剧,2026,动画,"[{""t"":""幼馴染とはラブコメにならない"",""cn"":""和青梅竹马之间不会有恋爱喜剧"",""ty"":""动画"",""y"":2026,""pop"":0},{""t"":""幼馴染とはラブコメにならない"",""cn"":""和青梅竹马之间不会有恋爱喜剧"",""ty"":""漫画"",""y"":2022,""pop"":0}]",天使？小悪魔？…な妹系！ いきなりの同居生活で誰よりも真っ直ぐにラブアピール中！,60,0,0,60,,https://lain.bgm.tv/pic/crt/l/c3/c4/173547_crt_949fb.jpg,https://lain.bgm.tv/r/400/pic/crt/l/c3/c4/173547_crt_949fb.jpg,,,,,https://bgm.tv/character/173547,,173547
bgm-bgm29935,vndb,3,30,,,有栖崎 珠紀,Arisuzaki Tamaki,Tama,女,AB,,Galgame,Galgame,毎日がハーレムすぎて王子は姫を決められないっ！,,2015,Galgame,"[{""t"":""毎日がハーレムすぎて王子は姫を決められないっ！"",""cn"":"""",""ty"":""Galgame"",""y"":2015,""pop"":60},{""t"":""毎日がハーレムすぎて王子は姫を決められないっ！"",""cn"":"""",""ty"":""Galgame"",""y"":2015,""pop"":0}]",月宮学園のスポンサーである有栖崎重工のご令嬢。 学園の学生会長も務めている。 規律に厳しく、冷淡。 自分に逆らったり学園の風紀を乱す者は容赦なく排除していく。 親がスポンサーなので誰も逆らえない、学園に君臨する女王様。 あることがキッカケで主人公を気に入り、躾という名の調教を行おうとする。 主人公の苦悶する表情に興奮し、いじめるのが大好きなS気質お嬢様。 名前にコンプレックスがあり、「たま」 と呼ぶと激しく怒る一面も。 「こうやって貴方を押し倒しているとゾクゾクするの。,60,0,60,9,,https://lain.bgm.tv/pic/crt/l/d1/db/29935_crt_sTg61.jpg,https://lain.bgm.tv/r/400/pic/crt/l/d1/db/29935_crt_sTg61.jpg,https://t.vndb.org/ch/43/99943.jpg,,Blond Waist Length+ Wavy Teen Slim Pale School Uniform Proactive Cowgirl Standing Sex,,https://bgm.tv/character/29935,https://vndb.org/c24694,29935
al308027,anilist,3,30,,小此木木乃美,小此木このみ,Konomi Okonogi,,女,,,动画|漫画,动画,怪獣８号,,2024,动画,"[{""t"":""怪獣８号"",""cn"":"""",""ty"":""动画"",""y"":2024,""pop"":282435},{""t"":""怪獣８号"",""cn"":"""",""ty"":""漫画"",""y"":2020,""pop"":106282},{""t"":""怪獣8号 第1期総集編"",""cn"":""怪兽8号 第一季总集篇"",""ty"":""动画"",""y"":2025,""pop"":26176},{""t"":""ミニっと！かいじゅう８号"",""cn"":"""",""ty"":""动画"",""y"":2024,""pop"":1181},{""t"":""怪獣8号 第1期総集編"",""cn"":""怪兽8号 第一季总集篇"",""ty"":""动画"",""y"":2025,""pop"":0},{""t"":""怪獣8号"",""cn"":""怪兽8号"",""ty"":""动画"",""y"":2024,""pop"":0}]",防衛隊第３部隊オペレーターのリーダー。実直かつ探究心ある学者気質で、保科の補佐的な役割も担っている。,54,54,0,1,,https://lain.bgm.tv/pic/crt/l/43/3a/153324_crt_3vssV.jpg?r=1709184854,https://lain.bgm.tv/r/400/pic/crt/l/43/3a/153324_crt_3vssV.jpg?r=1709184854,https://s4.anilist.co/file/anilistcdn/character/medium/b308027-CxQbW0wlmzLo.png|https://s4.anilist.co/file/anilistcdn/character/large/b308027-CxQbW0wlmzLo.png,,,https://anilist.co/character/308027,https://bgm.tv/character/153324,,153324
bgm-bgm51439,vndb,3,30,,,雨宮 美咲,Amamiya Misaki,,女,O,,Galgame,Galgame,ナイものねだりはもうお姉妹,,2013,Galgame,"[{""t"":""ナイものねだりはもうお姉妹"",""cn"":"""",""ty"":""Galgame"",""y"":2013,""pop"":40},{""t"":""ナイものねだりはもうお姉妹"",""cn"":"""",""ty"":""Galgame"",""y"":2013,""pop"":0}]",雨宮家次女。 雨宮家の参謀。 自分の興味の無いことには関心を示さないが、好きなこと （ゲームとアニメ） には情熱を燃やす。 早起きは大の苦手だが学園で唯一の皆勤候補。 帆花を弟子とし、日々間違った性教育を施している。 誰からも信頼され淡々と物事をこなす七海のことを尊敬している反面、羨ましいと感じることも。,40,0,40,2,,https://lain.bgm.tv/pic/crt/l/25/08/51439_crt_g9G8R.jpg,https://lain.bgm.tv/r/400/pic/crt/l/25/08/51439_crt_g9G8R.jpg,https://t.vndb.org/ch/00/31100.jpg,,Blond Waist Length+ Teen Slim Pale School Uniform Missionary Green Thigh-high Stockings Boobjob,,https://bgm.tv/character/51439,https://vndb.org/c25347,51439
vndb-c120029,vndb,3,30,,,ミズハ,Mizuha,,女,,,Galgame,Galgame,LACKGIRL,,2022,Galgame,,,38,0,38,0,,https://t.vndb.org/ch/19/145619.jpg,https://t.vndb.org/ch/19/145619.jpg,,#e49963 #34385e #e7c9a8 #f8eee2 #d1d9d4 #ffffff,Blond Twin Tails Waist Length+ Teen Slim Pale Blue Miniskirt Thigh-high Stockings Ribbon Tie,,,https://vndb.org/c120029,
bgm-bgm26187,vndb,3,30,,小日向奈津子,小日向 奈津子,Kohinata Natsuko,,女,A,,Galgame,Galgame,ねこまっしぐら ～ねこみみカフェにようこそ～,,2014,Galgame,"[{""t"":""ねこまっしぐら ～ねこみみカフェにようこそ～"",""cn"":"""",""ty"":""Galgame"",""y"":2014,""pop"":36},{""t"":""ねこまっしぐら ～ねこみみカフェにようこそ～"",""cn"":"""",""ty"":""Galgame"",""y"":2014,""pop"":0}]",ねこカフェのオーナーで、主人公の住む家の主。 優奈の母でもある。 おおらかな性格で、何事にも動じずに受け入れるタイプ。 主人公を追い掛け押し掛けてきた ほの香も、二つ返事でアルバイトに採用するくらい。 何事も楽しくなれば良いと思っている。 娘とよく似ていて、姉妹に見えるくらい外見は若い。 しかし胸に関してはあんまり似ていなかったり。 【ねこみみとしっぽに関して】 かつてはねこみみとしっぽが生えていたが、今は取れている。,36,0,36,7,,https://lain.bgm.tv/pic/crt/l/1f/b9/26187_crt_O571t.jpg,https://lain.bgm.tv/r/400/pic/crt/l/1f/b9/26187_crt_O571t.jpg,https://t.vndb.org/ch/96/27096.jpg,,Blue Ahoge Shoulder-length Slim Pale Violet Adult Shirt Skirt Mother,,https://bgm.tv/character/26187,https://vndb.org/c21851,26187
vndb-c13982,vndb,3,30,,,初瀬 みまり,Hase Mimari,Mimii / ミミー,女,,,Galgame,Galgame,幻月のパンドオラ,,2009,Galgame,,,32,0,32,0,,https://t.vndb.org/ch/23/17523.jpg,https://t.vndb.org/ch/23/17523.jpg,,#2b3147 #886979 #c9b6b8 #f1e7e0 #fdf6ee #ffffff,Black Blue Twin Tails Long Curtained Teen Slim Pale School Uniform Violet,,,https://vndb.org/c13982,
bgm-bgm24042,vndb,3,30,,,風祭 花奈,Kazamatsuri Kana,,女,,,Galgame,Galgame,恋する気持ちの花言葉,,2014,Galgame,"[{""t"":""恋する気持ちの花言葉"",""cn"":"""",""ty"":""Galgame"",""y"":2014,""pop"":29},{""t"":""恋する気持ちの花言葉"",""cn"":"""",""ty"":""Galgame"",""y"":2014,""pop"":0}]",明るく人懐っこい性格で、クラスメイトをはじめ人気がある。 本人はしっかりしているつもりだが、幼なじみの拓海がいるとすぐにお願いをしたり、ヌケているところが多い “アホな娘”。 苦手な授業ではすぐに居眠りをしたり、課題を忘れることが多い。 赤点メンバーその1。 将来のことはマジメに考え計画をしてはいるが、目先のことに関しては頭が回らず、空回りしているように見えることも。 ちなみに将来の夢は、仲の良い両親の影響で “お嫁さん”。 「そうだよ～。,29,0,29,4,,https://lain.bgm.tv/pic/crt/l/58/ae/24042_crt_A95yS.jpg,https://lain.bgm.tv/r/400/pic/crt/l/58/ae/24042_crt_A95yS.jpg,https://t.vndb.org/ch/04/21604.jpg,,Blond Ahoge Waist Length+ Straight Teen Slim Pale School Uniform Missionary Doggy Style,,https://bgm.tv/character/24042,https://vndb.org/c17058,24042
bgm-bgm11859,vndb,3,30,,羽衣桃花,羽衣 桃花,Hagoromo Momoka,,女,A,,Galgame,Galgame,天の光は恋の星,,2010,Galgame,"[{""t"":""天の光は恋の星"",""cn"":"""",""ty"":""Galgame"",""y"":2010,""pop"":27},{""t"":""天の光は恋の星"",""cn"":"""",""ty"":""Galgame"",""y"":2010,""pop"":0}]",星阳学院的学生。 有着美国人母亲与日本人父亲的混血少女。 在海外的大学跳级毕业的天才，现在因父母的照顾而在日本就读于与年龄相应的学园。 虽然不怎么说话，但对喜欢的东西倾注全部热情。 所属于只有一位部员的机器人研究会，日夜努力地进行双足机器人『シュナイダー』的研究。 虽然食量很大，但很挑食。,27,0,27,4,,https://lain.bgm.tv/pic/crt/l/85/58/11859_crt_7VuoE.jpg,https://lain.bgm.tv/r/400/pic/crt/l/85/58/11859_crt_7VuoE.jpg,https://t.vndb.org/ch/70/77770.jpg,,White Twin Tails Waist Length+ Wavy Teen Slim Pale School Uniform Doggy Style Sixty-nine,,https://bgm.tv/character/11859,https://vndb.org/c9382,11859
bgm-bgm40679,vndb,3,30,,雾泽拓斗,霧澤・タクト,Kirisawa Takuto,Kirisawa Takt / 雾泽拓人,男,A,,动画|Galgame,Galgame,スカーレッドライダーゼクス,,2010,Galgame,"[{""t"":""スカーレッドライダーゼクス"",""cn"":"""",""ty"":""Galgame"",""y"":2010,""pop"":26},{""t"":""スカーレッドライダーゼクス STARDUST LOVERS"",""cn"":"""",""ty"":""Galgame"",""y"":2011,""pop"":9},{""t"":""スカーレッドライダーゼクス"",""cn"":""红伤骑士X"",""ty"":""Galgame"",""y"":2010,""pop"":0},{""t"":""Scared Rider XechS"",""cn"":""红伤骑士X"",""ty"":""动画"",""y"":2016,""pop"":0}]",メンバーの中で最初に第六のライダーに選ばれた、頭脳派でプライドの高い少年。幼馴染で親友でもある天才肌のヨウスケをライバル視することで、自分が努力するためのモチベーションを高めている。主人公の着任まではISのリーダーとして指揮の訓練も積んでいたことから、全員の命を守る使命感が非常に強い。そのため、突然指揮官となった主人公に要求するレベルは常に高く、彼女の采配で危機を脱するまでの序盤は、その履歴に見出した不審点を追究するなど懐疑的な態度を崩さなかった。,26,0,26,2,,https://lain.bgm.tv/pic/crt/l/55/5c/40679_crt_1jg11.jpg,https://lain.bgm.tv/r/400/pic/crt/l/55/5c/40679_crt_1jg11.jpg,https://t.vndb.org/ch/44/36044.jpg,,Blond Long Teen Uniform Fighting Amber Blue Necktie Vest Tsundere,,https://bgm.tv/character/40679,https://vndb.org/c29969,40679
bgm-bgm40699,vndb,3,30,,莱斯保罗,レスポール,Lespaul,レース / Les,男,A,,动画|Galgame,Galgame,スカーレッドライダーゼクス,,2010,Galgame,"[{""t"":""スカーレッドライダーゼクス"",""cn"":"""",""ty"":""Galgame"",""y"":2010,""pop"":26},{""t"":""スカーレッドライダーゼクス STARDUST LOVERS"",""cn"":"""",""ty"":""Galgame"",""y"":2011,""pop"":9},{""t"":""スカーレッドライダーゼクス"",""cn"":""红伤骑士X"",""ty"":""Galgame"",""y"":2010,""pop"":0},{""t"":""Scared Rider XechS"",""cn"":""红伤骑士X"",""ty"":""动画"",""y"":2016,""pop"":0}]",拓人的搭档。像个调皮的孩子般的性格，非常喜欢戏弄人。恶作剧的时候，总是被拓人责骂，但一点都没有反省的样子。天真无邪和残酷并存，在战斗中行为残忍。,26,0,26,2,,https://lain.bgm.tv/pic/crt/l/cf/b0/40699_crt_3pFdb.jpg,https://lain.bgm.tv/r/400/pic/crt/l/cf/b0/40699_crt_3pFdb.jpg,https://t.vndb.org/ch/97/36097.jpg,,Fighting Ore Comrade Teasing Death Monster Unavoidable Other Route Death Non-human Mischievous Death in Battle,,https://bgm.tv/character/40699,https://vndb.org/c30011,40699
bgm-bgm95464,bangumi,3,30,,月夜野贝儿,月夜野ベル,Tsukiyono Beru,,其他,AB,,动画|漫画,漫画,魔都精兵のスレイブ,魔都精兵的奴隶,2019,漫画,"[{""t"":""魔都精兵のスレイブ"",""cn"":""魔都精兵的奴隶"",""ty"":""漫画"",""y"":2019,""pop"":0},{""t"":""魔都精兵のスレイブ2"",""cn"":""魔都精兵的奴隶 第二季"",""ty"":""动画"",""y"":2026,""pop"":0}]",三番組組長。泣き虫で気が弱い女性。美味しい店を探すのが好き。 魔防隊には能力を見込まれてスカウトされて入隊した。周囲からはいじられる事が多い。,26,0,0,26,,https://lain.bgm.tv/pic/crt/l/d5/53/95464_crt_6YyTL.jpg,https://lain.bgm.tv/r/400/pic/crt/l/d5/53/95464_crt_6YyTL.jpg,,,,,https://bgm.tv/character/95464,,95464
bgm-bgm7846,bangumi,3,30,,涅茧利,涅マユリ,Kurotsuchi Mayuri,,其他,,,动画|漫画,动画,BLEACH 千年血戦篇,死神 千年血战篇,2022,动画,"[{""t"":""BLEACH 千年血戦篇"",""cn"":""死神 千年血战篇"",""ty"":""动画"",""y"":2022,""pop"":0},{""t"":""BLEACH 千年血戦篇-訣別譚-"",""cn"":""死神 千年血战篇-诀别谭-"",""ty"":""动画"",""y"":2023,""pop"":0},{""t"":""BLEACH 千年血戦篇-相剋譚-"",""cn"":""死神 千年血战篇-相克谭-"",""ty"":""动画"",""y"":2024,""pop"":0},{""t"":""BLEACH"",""cn"":""死神"",""ty"":""动画"",""y"":2004,""pop"":0},{""t"":""BLEACH"",""cn"":""死神"",""ty"":""漫画"",""y"":2002,""pop"":0},{""t"":""BLEACH 獄頤鳴鳴篇"",""cn"":""死神 狱颐鸣鸣篇"",""ty"":""漫画"",""y"":2021,""pop"":0}]",十二番隊隊長であり、現技術開発局局長。 研究のためなら手段を択ばず、部下の命も顧みないどころか、 自らの肉体にさえも細部まで改造を加えている。 滅却師を研究材料としていた際は 石田雨竜の祖父もその手にかけていた。,25,0,0,25,,https://lain.bgm.tv/pic/crt/l/a0/f7/7846_crt_Gb2z2.jpg?r=1660570940,https://lain.bgm.tv/r/400/pic/crt/l/a0/f7/7846_crt_Gb2z2.jpg?r=1660570940,,,,,https://bgm.tv/character/7846,,7846
bgm-bgm170154,bangumi,3,30,,佐藤直希,佐藤直希,,直帰ちゃん（直归亲）,其他,,,动画|漫画,漫画,放課後帰宅びより,放学后回家小确幸,2024,漫画,"[{""t"":""放課後帰宅びより"",""cn"":""放学后回家小确幸"",""ty"":""漫画"",""y"":2024,""pop"":0},{""t"":""放課後帰宅びより"",""cn"":""放学后归宅日常"",""ty"":""动画"",""y"":"""",""pop"":0}]",,24,0,0,24,,https://lain.bgm.tv/pic/crt/l/6e/19/170154_crt_n1dWI.jpg,https://lain.bgm.tv/r/400/pic/crt/l/6e/19/170154_crt_n1dWI.jpg,,,,,https://bgm.tv/character/170154,,170154
vndb-c91308,vndb,3,30,,,加害者颜语,Inflicter,,女,,,Galgame,Galgame,妄想症：Deliver Me,,2018,Galgame,,,24,0,24,0,,https://t.vndb.org/ch/62/110062.jpg,https://t.vndb.org/ch/62/110062.jpg,,#93846f #cebfa3 #f3ebdd #090707 #322f30 #504d51,Blond Shoulder-length Pale Necklace Pink V Bangs Shaggy Decorative Belt Choker,,,https://vndb.org/c91308,
vndb-c91307,vndb,3,30,,,颜语,Yanyu,,女,,,Galgame,Galgame,妄想症：Deliver Me,,2018,Galgame,,,24,0,24,0,,https://t.vndb.org/ch/61/110061.jpg,https://t.vndb.org/ch/61/110061.jpg,,#6e6070 #221e24 #41363e #131115 #b2a5a9 #f0eeee,White Short Pale Pink Spiky Bangs Crop Top Choker,,,https://vndb.org/c91307,
bgm-bgm105870,bangumi,3,30,,,太田部夏海,,,其他,,,动画|漫画|Galgame,Galgame,ヘンタイ・プリズン,变态监狱,2022,Galgame,"[{""t"":""ヘンタイ・プリズン"",""cn"":""变态监狱"",""ty"":""Galgame"",""y"":2022,""pop"":0},{""t"":""スス子ルートアペンド"",""cn"":"""",""ty"":""Galgame"",""y"":2020,""pop"":0},{""t"":""山岸姫瑠ミニシナリオ"",""cn"":"""",""ty"":""Galgame"",""y"":2022,""pop"":0},{""t"":""ぬきたし THE ANIMATION"",""cn"":""拔作岛"",""ty"":""动画"",""y"":2025,""pop"":0},{""t"":""ヘンプリ刑務官今昔物語"",""cn"":"""",""ty"":""漫画"",""y"":2022,""pop"":0},{""t"":""ヘンプリ-球根物語-"",""cn"":"""",""ty"":""音乐"",""y"":2023,""pop"":0}]",,19,0,0,19,,https://lain.bgm.tv/pic/crt/l/58/f5/105870_crt_zlds4.jpg,https://lain.bgm.tv/r/400/pic/crt/l/58/f5/105870_crt_zlds4.jpg,,,,,https://bgm.tv/character/105870,,105870
bgm-bgm132776,bangumi,3,30,,,希格雯,Sigewinne,,其他,,,游戏,游戏,原神,原神,2020,游戏,,龙女妙变 · 希格雯 圣洁之灵，请听我愿 ========== 「在我父母认识的美露莘朋友中，希格雯小姐是最特别的一位。听说很久以前她来家中做过客，曾牵着我的手为刚刚学步的我提供支撑。这么多年过去了，我已经长大成人，她却从未变过，还是那般细心又热忱。」 ——艾梅莉埃 在太阳不照的梅洛彼得堡中，医务室是最为温暖的地方。 传闻管理着这间医务室的护士长也是其最初的建立者。数百年间，梅洛彼得堡几经易主，乱象频发，但生活在此的人却都不约而同地维持了某种默契，那就是绝不对医护人员出手。,14,0,0,14,,https://lain.bgm.tv/pic/crt/l/da/d7/132776_crt_KCIXG.jpg?r=1713783453,https://lain.bgm.tv/r/400/pic/crt/l/da/d7/132776_crt_KCIXG.jpg?r=1713783453,https://storage.moegirl.org.cn/moegirl/commons/6/6e/%E5%8E%9F%E7%A5%9E_%E5%B8%8C%E6%A0%BC%E9%9B%AF.jpg!/fw/480/watermark/url/L21vZWdpcmwvd2F0ZXJtYXJrLnBuZw==/align/southeast/margin/10x10/opacity/50?v=20240422102409|https://storage.moegirl.org.cn/moegirl/commons/6/6e/%E5%8E%9F%E7%A5%9E_%E5%B8%8C%E6%A0%BC%E9%9B%AF.jpg,,图源:moegirl,,https://bgm.tv/character/132776,,132776
bgm-bgm4952,bangumi,3,30,,明石薰,明石薫,Akashi Kaoru,,其他,O,,动画|漫画,动画,絶対可憐チルドレン,绝对可怜CHILDREN,2008,动画,"[{""t"":""絶対可憐チルドレン"",""cn"":""绝对可怜CHILDREN"",""ty"":""动画"",""y"":2008,""pop"":0},{""t"":""THE UNLIMITED -兵部京介-"",""cn"":""THE UNLIMITED 兵部京介"",""ty"":""动画"",""y"":2013,""pop"":0},{""t"":""絶対可憐チルドレン"",""cn"":""绝对可怜CHILDREN"",""ty"":""漫画"",""y"":2005,""pop"":0},{""t"":""絶対可憐チルドレン～愛多憎生！奪われた未来？～"",""cn"":""绝对可怜children OVA"",""ty"":""动画"",""y"":2010,""pop"":0}]",狮子座。 初登场时是小学生10岁，国中篇为12岁。高中篇为16岁。 本作女主角，故事以她为中心。 能力 超能度7的念动能力者。 超能力者或同伴陷入危机时能发出比平常更强的力量。与暗黑幽灵时，结合同伴的超能力，本能地合成出新能力。 可以从远处感觉到超能力者正发生死战、察觉到人工卫星都找不到的超能力者在何处。兵部京介认为是未来超能力者的救世主。 虽然超能力者多仰赖超能力造成运动不足，因为她常在发动超能力配合身体作攻击，无意识中让身体承担负荷、刺激肌肉成长，结果运动神经发达。,13,0,0,13,,https://lain.bgm.tv/pic/crt/l/4f/16/4952_crt_anidb.jpg,https://lain.bgm.tv/r/400/pic/crt/l/4f/16/4952_crt_anidb.jpg,,,,,https://bgm.tv/character/4952,,4952
bgm-bgm906,bangumi,3,30,,卫藤桐也,衛藤桐也,Kiriya Etou,,其他,,,Galgame,Galgame,金色のコルダ2 ff,金色琴弦2ff,2017,Galgame,"[{""t"":""金色のコルダ2 ff"",""cn"":""金色琴弦2ff"",""ty"":""Galgame"",""y"":2017,""pop"":0},{""t"":""金色のコルダ 2f アンコール"",""cn"":""金色琴弦 2f 安可"",""ty"":""Galgame"",""y"":2009,""pop"":0},{""t"":""金色のコルダ2 フォルテ"",""cn"":""金色琴弦2f"",""ty"":""Galgame"",""y"":2009,""pop"":0},{""t"":""金色のコルダ2 SWEET♪TWINKLE"",""cn"":"""",""ty"":""音乐"",""y"":2009,""pop"":0},{""t"":""金色のコルダ2fアンコール-graduation-"",""cn"":"""",""ty"":""音乐"",""y"":2009,""pop"":0},{""t"":""ヴォーカル集 金色のコルダ プロジェクトff&More"",""cn"":"""",""ty"":""音乐"",""y"":2016,""pop"":0}]",其他学校的学生，主修小提琴。十分地有自信，说话刻薄。 听到日野香穗子的演奏，轻视星奏学院的水平。 3月30日生。国中生，是归国子女。演奏小提琴的技巧非常高超，也有海外演奏的优异成绩。本来在美国，刚刚回国。是个自傲类型的角色，因为一开始只知道日野的名字，所以一直都是对她直呼大名（香穗子），是个很可爱的角色。 他校の生徒 演奏楽器：ヴァイオリン 自信に満ちあふれた勝気な青年。ヴァイオリンの技術は確かで、海外で輝かしい実績があるらしい。自信の表れか、不敵な態度を取ることも。,11,0,0,11,,https://lain.bgm.tv/pic/crt/l/c7/d3/906_crt_jcJcP.jpg,https://lain.bgm.tv/r/400/pic/crt/l/c7/d3/906_crt_jcJcP.jpg,,,,,https://bgm.tv/character/906,,906
bgm-bgm21333,bangumi,3,30,,史昂,牡羊座のシオン,,席翁,其他,A,,动画|漫画,动画,聖闘士星矢 冥王ハーデス十二宮編,圣斗士星矢 冥王十二宫编,2003,动画,"[{""t"":""聖闘士星矢 冥王ハーデス十二宮編"",""cn"":""圣斗士星矢 冥王十二宫编"",""ty"":""动画"",""y"":2003,""pop"":0},{""t"":""聖闘士星矢 THE LOST CANVAS 冥王神話 第2章"",""cn"":""圣斗士星矢 THE LOST CANVAS 冥王神话 第2章"",""ty"":""动画"",""y"":2011,""pop"":0},{""t"":""聖闘士星矢 THE LOST CANVAS 冥王神話"",""cn"":""圣斗士星矢 THE LOST CANVAS 冥王神话"",""ty"":""动画"",""y"":2009,""pop"":0},{""t"":""聖闘士星矢"",""cn"":""圣斗士星矢"",""ty"":""漫画"",""y"":1986,""pop"":0},{""t"":""聖闘士星矢THE LOST CANVAS冥王神話"",""cn"":""圣斗士星矢 THE LOST CANVAS 冥王神话"",""ty"":""漫画"",""y"":2006,""pop"":0},{""t"":""聖闘士星矢 THE LOST CANVAS 冥王神話 外伝"",""cn"":""圣斗士星矢 THE LOST CANVAS 冥王神话 外传"",""ty"":""漫画"",""y"":2011,""pop"":0}]",,10,0,0,10,,https://lain.bgm.tv/pic/crt/l/66/2a/21333_crt_XEnmx.jpg?r=1379018620,https://lain.bgm.tv/r/400/pic/crt/l/66/2a/21333_crt_XEnmx.jpg?r=1379018620,,,,,https://bgm.tv/character/21333,,21333
bgm-bgm36297,bangumi,3,30,,福田法子,福田のり子,Fukuda Noriko,,其他,A,,游戏,游戏,アイドルマスター ミリオンライブ！ シアターデイズ,偶像大师 MILLION LIVE! THEATER DAYS,2017,游戏,"[{""t"":""アイドルマスター ミリオンライブ！ シアターデイズ"",""cn"":""偶像大师 MILLION LIVE! THEATER DAYS"",""ty"":""游戏"",""y"":2017,""pop"":0},{""t"":""THE IDOLM@STER MILLION THE@TER GENERATION 11 UNION!!"",""cn"":"""",""ty"":""音乐"",""y"":2018,""pop"":0},{""t"":""THE IDOLM@STER MILLION THE@TER BEST"",""cn"":"""",""ty"":""音乐"",""y"":2023,""pop"":0},{""t"":""THE IDOLM@STER 765 MILLION ALLSTARS BEST"",""cn"":"""",""ty"":""音乐"",""y"":2023,""pop"":0},{""t"":""THE IDOLM@STER MILLION ANIMATION THE@TER START THE DREAM"",""cn"":"""",""ty"":""音乐"",""y"":2024,""pop"":0},{""t"":""THE IDOLM@STER LIVE THE@TER BEST"",""cn"":"""",""ty"":""音乐"",""y"":2023,""pop"":0}]",《偶像大师 百万LIVE!》登场的偶像。Dance属性。 一个热爱格斗技，性格直率，开朗的18岁女孩。 虽然法子有着一个十分放荡的爱好，但是却想成为一个更加受大家喜爱的少女偶像。 不过由于法子不太擅长做这些女孩子家家的事情，对于她来说挑战无处不在。 就如她在爱好栏写的一样，法子十分热爱搏击类运动，尤其是职业摔跤。 她时常对制作人使用眼镜蛇缠身固定，同时非常擅长麦克风表演就真的如一名职业选手般。 她的T恤衫上写着「TEKKEN」这样的字眼，同时还画着一个铁拳系列中熟知的木人。,9,0,0,9,,https://lain.bgm.tv/pic/crt/l/01/22/36297_crt_mjjxz.jpg,https://lain.bgm.tv/r/400/pic/crt/l/01/22/36297_crt_mjjxz.jpg,https://storage.moegirl.org.cn/moegirl/commons/e/e4/N_%E7%A6%8F%E7%94%B0%E3%81%AE%E3%82%8A%E5%AD%90.png!/fw/480/watermark/url/L21vZWdpcmwvd2F0ZXJtYXJrLnBuZw==/align/southeast/margin/10x10/opacity/50?v=20181013233105|https://storage.moegirl.org.cn/moegirl/commons/e/e4/N_%E7%A6%8F%E7%94%B0%E3%81%AE%E3%82%8A%E5%AD%90.png,,图源:moegirl,,https://bgm.tv/character/36297,,36297
bgm-bgm43783,bangumi,3,30,,大沼胡桃,大沼くるみ,Ohnuma Kurumi,,其他,A,,游戏,游戏,アイドルマスター シンデレラガールズ スターライトステージ,偶像大师 灰姑娘女孩 星光舞台,2015,游戏,"[{""t"":""アイドルマスター シンデレラガールズ スターライトステージ"",""cn"":""偶像大师 灰姑娘女孩 星光舞台"",""ty"":""游戏"",""y"":2015,""pop"":0},{""t"":""アイドルマスター シンデレラガールズ"",""cn"":""偶像大师 灰姑娘女孩"",""ty"":""游戏"",""y"":2011,""pop"":0},{""t"":""アイドルマスター ポップリンクス"",""cn"":"""",""ty"":""游戏"",""y"":2021,""pop"":0}]",BNEI与Cygames开发的手机游戏《偶像大师 灰姑娘女孩》系列的巨乳萝莉爱哭鬼偶像。 游戏2013年12月19日推出的新区域“静冈”登场的偶像，特点是巨乳萝莉以及永远一副快要哭出来的样子。 姓名出处为北海道城市「大沼」以及其特产「胡桃饼」。 拥有不符合年龄的夸张的胸部大小，整天被学校的男孩子对胸部指指点点，对胸部持负面情感。 三围方面，官方只给出了「B:好大 W:普通 H:一般」的数据，其具体数值不清楚。也是双叶杏之后又一个三围不明的角色。,6,0,0,6,,https://lain.bgm.tv/pic/crt/l/a1/3a/43783_crt_fRygg.jpg,https://lain.bgm.tv/r/400/pic/crt/l/a1/3a/43783_crt_fRygg.jpg,https://storage.moegirl.org.cn/moegirl/commons/4/4b/%E3%81%BD%E3%82%8F%E3%81%BD%E3%82%8F%E3%83%97%E3%83%AD%E3%83%9F%E3%82%B9_%E5%A4%A7%E6%B2%BC%E3%81%8F%E3%82%8B%E3%81%BF.jpg!/fw/480/watermark/url/L21vZWdpcmwvd2F0ZXJtYXJrLnBuZw==/align/southeast/margin/10x10/opacity/50?v=20201213092342|https://storage.moegirl.org.cn/moegirl/commons/4/4b/%E3%81%BD%E3%82%8F%E3%81%BD%E3%82%8F%E3%83%97%E3%83%AD%E3%83%9F%E3%82%B9_%E5%A4%A7%E6%B2%BC%E3%81%8F%E3%82%8B%E3%81%BF.jpg,,图源:moegirl,,https://bgm.tv/character/43783,,43783
bgm-bgm99064,bangumi,3,30,,樱音紫阳花,桜音紫陽花,Shoka Sakurane,ショウカ,其他,,,游戏,游戏,新すばらしきこのせかい,新美妙世界,2021,游戏,,死神の一人。いつも面倒そうに監視の仕事をこなしている。 現在のゲームを退屈だと感じており、若干仕事にも身が入っていない。新人チームである『ツイスターズ』に興味を示し、ゲームが荒れるように煽る。 彼女が着ているパーカーは、最近渋谷に出店した『ガット・ネーロ』というファッションブランドの最新作。,6,0,0,6,,https://lain.bgm.tv/pic/crt/l/47/95/99064_crt_QIz04.jpg,https://lain.bgm.tv/r/400/pic/crt/l/47/95/99064_crt_QIz04.jpg,,,,,https://bgm.tv/character/99064,,99064
bgm-bgm42866,bangumi,3,30,,,沼田ふなえ,,,其他,A,,Galgame,Galgame,ノンストップ痴漢特急～私のオッパイさわらないで～,,2008,Galgame,,主人公の会社の同僚。物静かで仕事を着実にこなす優等生タイプ。一見普通のOLだが、ホラー映画が大好きで尊敬する人はジェイソン、とミョウな面も…。,5,0,0,5,1,https://lain.bgm.tv/pic/crt/l/82/29/42866_crt_5v67S.jpg,https://lain.bgm.tv/r/400/pic/crt/l/82/29/42866_crt_5v67S.jpg,,,,,https://bgm.tv/character/42866,,42866
bgm-bgm159505,bangumi,3,30,,宫下美波,宮下美波,Minami Miyashita,宮下美波,其他,A,,游戏,游戏,女神异闻录：夜幕魅影,女神异闻录：夜幕魅影,2024,游戏,,高中一年级的少女，放学后与父亲一起经营着一家居酒屋。 温柔，热心，富有责任感， 忙于工作的邻居也会放心地把孩子交给她照顾。 自小便憧憬成为像母亲一样帮助他人的护士， 却因为家庭变故而将梦想埋藏于心。 代号是「MARIAN」。 初始人格面具Ⅱ是「塔利亚」。 “你没关系吧！扭伤了么……先不要乱动哦。” “我带了一些消毒用的喷雾和创口贴。” “要是不介意，我来帮你吧。,5,0,0,5,,https://lain.bgm.tv/pic/crt/l/65/88/159505_crt_Mzk4d.jpg?r=1720501368,https://lain.bgm.tv/r/400/pic/crt/l/65/88/159505_crt_Mzk4d.jpg?r=1720501368,https://storage.moegirl.org.cn/moegirl/commons/2/25/%E5%A1%94%E5%88%A9%E4%BA%9A%28P5X%29.png!/fw/480/watermark/url/L21vZWdpcmwvd2F0ZXJtYXJrLnBuZw==/align/southeast/margin/10x10/opacity/50?v=20240914122824|https://storage.moegirl.org.cn/moegirl/commons/2/25/%E5%A1%94%E5%88%A9%E4%BA%9A%28P5X%29.png,,图源:moegirl,,https://bgm.tv/character/159505,,159505
bgm-bgm53382,bangumi,3,30,,花园绮罗罗,花園きらら,Hanazono Kirara,,其他,O,,动画,动画,アイカツスターズ! 2年目,偶像活动Stars 第二年,2017,动画,,天然系自由奔放的輕飄飄型偶像。 意外的行動總為大家帶來驚喜。 專屬服裝品牌Fuwa Fuwa Dream的代表繆斯。,4,0,0,4,,,,,,,,https://bgm.tv/character/53382,,53382
bgm-bgm198230,bangumi,3,30,,伊泽枣,伊沢なつめ,Izawa Natsume,,其他,,,Galgame,Galgame,BanG Dream! Our Notes,BanG Dream! 交织的乐章,,Galgame,,极度自信的作曲负责人。 自尊心极强，对自己不认可的对象总是表现敌意，且处处渴望展现自己的优越感。 经常霸占着学校顶楼，在那里弹奏吉他。,4,0,0,4,,https://lain.bgm.tv/pic/crt/l/40/d1/198230_crt_42SsN.jpg,https://lain.bgm.tv/r/400/pic/crt/l/40/d1/198230_crt_42SsN.jpg,https://storage.moegirl.org.cn/moegirl/commons/2/2c/Img_natsume-izawa.png!/fw/480/watermark/url/L21vZWdpcmwvd2F0ZXJtYXJrLnBuZw==/align/southeast/margin/10x10/opacity/50?v=20260121165621|https://storage.moegirl.org.cn/moegirl/commons/2/2c/Img_natsume-izawa.png,,图源:moegirl,,https://bgm.tv/character/198230,,198230
bgm-bgm42505,bangumi,3,30,,,古風楓,,,其他,AB,,游戏,游戏,アイドルコネクト AsteriskLive,偶像链接 AsteriskLive,2016,游戏,,——友達がほしいから、アイドルになった女の子。 無口で無表情だけれど、他人のお世話が大好きな事務所の最年少。 いつも事務所のみんなにお茶をふるまっている。,3,0,0,3,,https://lain.bgm.tv/pic/crt/l/9d/07/42505_crt_3w7Wr.jpg,https://lain.bgm.tv/r/400/pic/crt/l/9d/07/42505_crt_3w7Wr.jpg,,,,,https://bgm.tv/character/42505,,42505
bgm-bgm86575,bangumi,3,30,,,槙千鶴,,,其他,B,,游戏,游戏,DREAM!ing,,2018,游戏,,心の癒し方も壊し方も熟知した最強のサポーター 黒寮の副寮長。 先祖代々竜ケ崎家に仕える家柄で、仁の専属使用人として出生し育つ。 森羅万象を仁にとって役立つものか、忠誠を誓う家畜か、それ以外のゴミかで判断する。 天性の腹黒であり、にこやかな笑みをたたえながらさえずるように毒づく。 巳影とは悪友同士仲が良い。,3,0,0,3,,https://lain.bgm.tv/pic/crt/l/d8/87/86575_crt_J3bPD.jpg?r=1604262421,https://lain.bgm.tv/r/400/pic/crt/l/d8/87/86575_crt_J3bPD.jpg?r=1604262421,,,,,https://bgm.tv/character/86575,,86575
bgm-bgm39638,bangumi,3,30,,若里春名,若里春名,Wakazato Haruna,,其他,O,,动画|游戏,动画,アイドルマスター SideM,偶像大师 SideM,2017,动画,"[{""t"":""アイドルマスター SideM"",""cn"":""偶像大师 SideM"",""ty"":""动画"",""y"":2017,""pop"":0},{""t"":""THE IDOLM@STER SideM PASSIONABLE READING SHOW ～魂環の人形(マリオネット)～"",""cn"":"""",""ty"":""其他"",""y"":2026,""pop"":0},{""t"":""THE IDOLM@STER SideM 2nd ANNIVERSARY DISC 01"",""cn"":"""",""ty"":""音乐"",""y"":2016,""pop"":0},{""t"":""THE IDOLM@STER SideM 2nd ANNIVERSARY SOLO COLLECTION"",""cn"":"""",""ty"":""音乐"",""y"":2017,""pop"":0},{""t"":""THE IDOLM@STER SideM ST@RTING LINE-04 High×Joker"",""cn"":"""",""ty"":""音乐"",""y"":2015,""pop"":0},{""t"":""アイドルマスター SideM GROWING STARS"",""cn"":"""",""ty"":""游戏"",""y"":2021,""pop"":0}]",18岁／属性：Mental型／生日：3月30日（白羊座） 身高：173cm／体重：56kg／鞋码：25.5cm 血型：O型／惯用手：右手／出身：石川 兴趣：散步／特技：发型美容(Hair Make) 本职：高中生（轻音部鼓手）／所属组合：High×Joker CV：白井悠介 轻音乐部的鼓手担当。与秋山隼人·冬美旬·榊夏来·伊濑谷四季一同组成了轻音部偶像组合「High×Joker」。 喜欢甜甜圈，不喜欢咖啡（据本人谈是“因为旬的错”），不擅长学习（至少两次留级中）。,3,0,0,3,,https://lain.bgm.tv/pic/crt/l/0c/90/39638_crt_E4EEe.jpg?r=1530319570,https://lain.bgm.tv/r/400/pic/crt/l/0c/90/39638_crt_E4EEe.jpg?r=1530319570,https://storage.moegirl.org.cn/moegirl/commons/9/98/%E3%80%90%E5%BF%83%E3%82%92%E7%B9%8B%E3%81%90%E3%83%AA%E3%82%BA%E3%83%A0%E3%80%91%E8%8B%A5%E9%87%8C_%E6%98%A5%E5%90%8D_SR.png!/fw/480/watermark/url/L21vZWdpcmwvd2F0ZXJtYXJrLnBuZw==/align/southeast/margin/10x10/opacity/50?v=20211010032148|https://storage.moegirl.org.cn/moegirl/commons/9/98/%E3%80%90%E5%BF%83%E3%82%92%E7%B9%8B%E3%81%90%E3%83%AA%E3%82%BA%E3%83%A0%E3%80%91%E8%8B%A5%E9%87%8C_%E6%98%A5%E5%90%8D_SR.png,,图源:moegirl,,https://bgm.tv/character/39638,,39638
bgm-bgm149957,bangumi,3,30,,,烈夏,,,其他,,,动画|游戏,动画,U探泰拉,,2025,动画,"[{""t"":""U探泰拉"",""cn"":"""",""ty"":""动画"",""y"":2025,""pop"":0},{""t"":""明日方舟"",""cn"":""明日方舟"",""ty"":""游戏"",""y"":2019,""pop"":0},{""t"":""ウルサスの子供たち ドラマCD"",""cn"":""「乌萨斯的孩子们」广播剧"",""ty"":""音乐"",""y"":2023,""pop"":0}]",烈夏，本名罗莎琳·塔季扬诺夫娜·拉里娜，切尔诺伯格事变前于切城某中学就读，在校期间与干员凛冬皆为学生中的领军人物。现作为外勤小组的成员，多负责中长线的外勤任务。,2,0,0,2,,https://lain.bgm.tv/pic/crt/l/b0/ef/149957_crt_gk3OU.jpg,https://lain.bgm.tv/r/400/pic/crt/l/b0/ef/149957_crt_gk3OU.jpg,https://storage.moegirl.org.cn/moegirl/commons/6/6d/%E6%98%8E%E6%97%A5%E6%96%B9%E8%88%9F%E7%AB%8B%E7%BB%98_%E7%83%88%E5%A4%8F_2.png!/fw/480/watermark/url/L21vZWdpcmwvd2F0ZXJtYXJrLnBuZw==/align/southeast/margin/10x10/opacity/50?v=20231210035017|https://storage.moegirl.org.cn/moegirl/commons/6/6d/%E6%98%8E%E6%97%A5%E6%96%B9%E8%88%9F%E7%AB%8B%E7%BB%98_%E7%83%88%E5%A4%8F_2.png,,图源:moegirl,,https://bgm.tv/character/149957,,149957
bgm-bgm11413,bangumi,3,30,,梶原青,梶原青,ajiwara ao,,其他,A,,动画,动画,スケッチブック～full color's～,素描本,2007,动画,,空的弟弟。13岁。 喜欢电视游戏。比姐姐更可靠。,2,0,0,2,,,,,,,,https://bgm.tv/character/11413,,11413
bgm-bgm17604,bangumi,3,30,,花泽类,花沢類,hanazawa rui,,其他,AB,,动画|漫画|Galgame,Galgame,花より男子 ANOTHER LOVE STORY,,2001,Galgame,"[{""t"":""花より男子 ANOTHER LOVE STORY"",""cn"":"""",""ty"":""Galgame"",""y"":2001,""pop"":0},{""t"":""花より男子"",""cn"":""花样男子"",""ty"":""其他"",""y"":2005,""pop"":0},{""t"":""花より男子2（リターンズ）"",""cn"":""花样男子2（Returns）"",""ty"":""其他"",""y"":2007,""pop"":0},{""t"":""花より男子ファイナル"",""cn"":""花样男子最终章"",""ty"":""其他"",""y"":2008,""pop"":0},{""t"":""花より男子"",""cn"":""花样男子"",""ty"":""漫画"",""y"":1992,""pop"":0},{""t"":""花より男子"",""cn"":""花样男子"",""ty"":""动画"",""y"":1996,""pop"":0}]",社長のジュニアとして厳しく躾けられ、他人と関わり合うのが苦手。性格は実直かつクールでひたすらマイペース。昼寝が好きで常にボーっとしているが、見るべき所を見ている。連載当初は「幼少時は自閉症だった」と表現されていたが、現実においては自閉症の子供がこのように自閉症を完全に克服する形で成長することはないため、現在は「内向的な性格だった」と表現されている。感性が豊かで鋭い芸術センスを持ち、バイオリンが好き。あらゆる面において器用だが、興味のないことには手を出さない。,2,0,0,2,,https://lain.bgm.tv/pic/crt/l/5f/a0/17604_crt_nmmoQ.jpg,https://lain.bgm.tv/r/400/pic/crt/l/5f/a0/17604_crt_nmmoQ.jpg,,,,,https://bgm.tv/character/17604,,17604
bgm-bgm119262,bangumi,3,30,,,艾莉法,,,其他,,,游戏,游戏,白夜极光,,2021,游戏,,出生于白夜城，黎明学院学生会的成员，总是跟在芙洛琳身边。经常冒出天马行空的想法，偶尔也会语出惊人。,1,0,0,1,,https://lain.bgm.tv/pic/crt/l/42/46/119262_crt_7EvhF.jpg,https://lain.bgm.tv/r/400/pic/crt/l/42/46/119262_crt_7EvhF.jpg,,,,,https://bgm.tv/character/119262,,119262
bgm-bgm59205,bangumi,3,30,,里欧,里歐,,,其他,未知,,Galgame,Galgame,明星志願－星之守護,明星志愿 - 星之守护,2016,Galgame,,从不掩饰自己的傲慢个性，斗志心旺盛天生的斗士，不喜欢拖泥带水， 作风明快，缺乏耐性，不想浪费时间去配合别人，因此容易和人起冲突， 对他来说朋友多不多一点也不重要，重要的是成功的自我成就，最恨被信任的人欺骗背叛， 他霸道但有他独特的温柔表达对妳爱的方式，他只相信唯一的爱，从不相信一见钟情， 所以他不会轻易爱上一个人，当爱上时这一生只有妳。,1,0,0,1,,https://lain.bgm.tv/pic/crt/l/80/c4/59205_crt_rR407.jpg,https://lain.bgm.tv/r/400/pic/crt/l/80/c4/59205_crt_rR407.jpg,,,,,https://bgm.tv/character/59205,,59205
bgm-bgm66513,bangumi,3,30,,,但馬すみれ,,,其他,A,,Galgame,Galgame,CisLugI～シスラギ～,,2018,Galgame,,私立金剛寺学園高等部２年生。片親の父とわだかまりを抱え、悩み続ける思春期真っ只中の少女。 成績は良いが授業をサボりがちで、教師や近所の人からは不良少女と疎まれている────のが昼の顔である。 夜の顔は、マフラーで顔を隠し、裏路地に潜む不良や不埒な輩を退治して回っているという阿賀野区の都市伝説、「マフラー小僧」その人である。 不平と横暴を許さず、弱きを助け強きを挫く正義の味方。マフラー小僧の名前は、一方では阿賀野区のヒーローとして、一方では恐怖の対象として噂になっている。,1,0,0,1,,https://lain.bgm.tv/pic/crt/l/57/e1/66513_crt_c8uc4.jpg,https://lain.bgm.tv/r/400/pic/crt/l/57/e1/66513_crt_c8uc4.jpg,,,,,https://bgm.tv/character/66513,,66513
bgm-bgm66524,bangumi,3,30,,,ライカ・ヘルベルト・久留宫,,,其他,A,,Galgame,Galgame,CisLugI～シスラギ～,,2018,Galgame,,反尊厳維持装置集団『組織』の小さき諜報員。とても頭は良いのになぜかそう見えない悲しい性を持つ金髪ツンデレ貧乳。 反尊厳維持装置を掲げる〝組織〟では実働三課に所属している。 ポジションは指揮官。 基本みんなにいじられているがひとたび作戦となるとその頭脳と大胆さ、ブレない心で意思決定をし指示を下す。こんなんでも偉いのである。,1,0,0,1,,https://lain.bgm.tv/pic/crt/l/dc/d3/66524_crt_1G4Fp.jpg,https://lain.bgm.tv/r/400/pic/crt/l/dc/d3/66524_crt_1G4Fp.jpg,,,,,https://bgm.tv/character/66524,,66524
bgm-bgm78321,bangumi,3,30,,,ミイチャン,,,其他,B,,Galgame,Galgame,絵師神の絆,,2020,Galgame,,自分のことを人間だと思っている幼いウサギで、人間だと認めてもらおうと日々躍起になっている。知能が高いがために、大人っぽく振舞おうとしているが、好きなものが目に入ると、そちらに飛びついてしまう年相応の可愛らしい面をみせる。,1,0,0,1,,https://lain.bgm.tv/pic/crt/l/42/ef/78321_crt_iHOI4.jpg,https://lain.bgm.tv/r/400/pic/crt/l/42/ef/78321_crt_iHOI4.jpg,,,,,https://bgm.tv/character/78321,,78321
bgm-bgm155349,bangumi,3,30,,兰丸,蘭丸,,,其他,B,,游戏,游戏,閃乱カグラ NewWave,闪乱神乐 NewWave,2013,游戏,,都立薄桜女学院の1年生で、 風紀委員会に入りたての新人。 発明家の父親に作ってもらった 熊型の執事ロボ「くまプー」を、 肌身離さず連れ歩く。 また、感情表現も苦手で、 寂しさゆえか子供のように振る舞っている。 忍としては、まだ駆け出しの為 「くまプー」を操っての戦闘が主体。,1,0,0,1,,https://lain.bgm.tv/pic/crt/l/c2/f9/155349_crt_EviCV.jpg,https://lain.bgm.tv/r/400/pic/crt/l/c2/f9/155349_crt_EviCV.jpg,https://storage.moegirl.org.cn/moegirl/commons/f/f5/GYEE%E5%85%B0%E4%B8%B8.png,,图源:moegirl,,https://bgm.tv/character/155349,,155349
bgm-bgm158431,bangumi,3,30,,逸早,イチハヤ,,,其他,A,,Galgame,Galgame,ミリオンダラーボーイズ,百万美金男孩,2021,Galgame,,1楼咖啡厅负责人 当我惊觉100亿的债务时，第一个飞奔到我身边的青梅竹马；有点废。 由于嗓门很大，无论在哪都能知道他的位置。 1階カフェ担当 猫カフェで働く幼なじみ。 声が大きいので遠くにいても所在がわかる。 実家は老舗の大呉服店。,1,0,0,1,,https://lain.bgm.tv/pic/crt/l/12/97/158431_crt_Bt5U3.jpg,https://lain.bgm.tv/r/400/pic/crt/l/12/97/158431_crt_Bt5U3.jpg,,,,,https://bgm.tv/character/158431,,158431
bgm-bgm30085,bangumi,3,30,,,ケイン・バルザド,Cain Barzad,,其他,,,动画|漫画,动画,七つの大罪,七大罪,2014,动画,"[{""t"":""七つの大罪"",""cn"":""七大罪"",""ty"":""动画"",""y"":2014,""pop"":0},{""t"":""七つの大罪"",""cn"":""七大罪"",""ty"":""漫画"",""y"":2013,""pop"":0}]",バイゼル喧嘩祭りに参加していた酔っぱらいの老人。,1,0,0,1,,,,,,,,https://bgm.tv/character/30085,,30085
bgm-bgm143420,bangumi,3,30,,,入江蘭,Irie Ran,,其他,,,Galgame,Galgame,SKY ～スカイ～,,2002,Galgame,,あやめと同じ茶道部の３年生。 駅前の入江寿司の一人娘。 ぶっきらぼうな口をきくが、根はやさしい。 好きな色： 群青 好きな食べ物： 寿司 好きな季節： 夏 趣味： 釣り,1,0,0,1,1,https://lain.bgm.tv/pic/crt/l/4a/56/143420_crt_70n4E.jpg,https://lain.bgm.tv/r/400/pic/crt/l/4a/56/143420_crt_70n4E.jpg,,,,,https://bgm.tv/character/143420,,143420
bgm-bgm61286,bangumi,3,30,,翻车星,マンボシ,Manboshi,,其他,S,,动画|漫画,漫画,ONE PIECE,航海王,1997,漫画,"[{""t"":""ONE PIECE"",""cn"":""航海王"",""ty"":""漫画"",""y"":1997,""pop"":0},{""t"":""ONE PIECE"",""cn"":""航海王"",""ty"":""动画"",""y"":1999,""pop"":0},{""t"":""ONE PIECE 魚人島編"",""cn"":""航海王：鱼人岛篇特别编辑版"",""ty"":""动画"",""y"":2024,""pop"":0},{""t"":""ONE PIECE FILM RED"",""cn"":""航海王：红发歌姬"",""ty"":""动画"",""y"":2022,""pop"":0}]",鱼人岛龙宫王国的三王子，海王星三兄弟的老三，月鱼人鱼。 身形肥胖，长相相当讨喜，喜欢跳舞，经常边跳舞边唱着“红翻鱼”，并从此开始有了这个习惯。 跟着两位兄长前往吉隆考德广场拯救尼普顿， 实际上他哼唱的“红翻鱼”也是月鱼的别称。,1,0,0,1,,,,,,,,https://bgm.tv/character/61286,,61286
bgm-bgm33278,bangumi,3,30,,三田三太郎,三田三太郎,Mita Santaro,,其他,,,动画,动画,トライブナイン,第九部落,2022,动画,,お、俺の敵ではねぇな…！ よーし、お前ら行ってこーい！ ミナトトライブのメンバー。 「ミナトのエースは俺だ！」と言い張っているが、 実際はミナトの控えのピッチャー。 スケベでゲスい言動が多く、 よく有栖川からコテンパンに叱られているが、 改める気配は全くない。 新人には先輩風を吹かせがちだが、 その分、気さくで面倒見が良いところも。,1,0,0,1,,,,,,,,https://bgm.tv/character/33278,,33278
bgm-bgm78439,bangumi,3,30,,谬·塞克斯坦丝,ミュー・セクスタンス,My Sextans,,,,,游戏,游戏,マリーのアトリエRemake ～ザールブルグの錬金術士～,玛莉的炼金工房 重制版 ～萨尔布鲁克的炼金术士～,2023,游戏,"[{""t"":""マリーのアトリエRemake ～ザールブルグの錬金術士～"",""cn"":""玛莉的炼金工房 重制版 ～萨尔布鲁克的炼金术士～"",""ty"":""游戏"",""y"":2023,""pop"":0},{""t"":""マリーのアトリエ 〜ザールブルグの錬金術士〜"",""cn"":""玛莉的炼金工房 ～萨尔布鲁克的炼金术士～"",""ty"":""游戏"",""y"":1997,""pop"":0}]","名字中的“Sextans”取自天文学上的六分仪座（Sextans）。其实谬这个人物非常路人化，很难碰见，属性又不出众，属于那种游戏中“非官方设定的隐藏角色”。大约是从一代中传下来的缘故，所以并没有过多背景交待。这样一来也有个好处，就是将主要性格突出到极致。,喝了酒眼珠子会乱转的谬，觉得生活很无趣的谬，睡觉梦见吃大餐的谬，不知不觉就从南国来到这里的谬，丢南国海胆时会恐怖尖笑的谬……这种个性在日漫/游戏中可以说非常常见，但“常见”的另外一层含义也就是讨人喜欢。",1,0,0,1,,https://lain.bgm.tv/pic/crt/l/b0/dd/78439_crt_VKj2J.jpg,https://lain.bgm.tv/r/400/pic/crt/l/b0/dd/78439_crt_VKj2J.jpg,,,,,https://bgm.tv/character/78439,,78439
bgm-bgm193023,bangumi,3,30,,桑德菈,塞德利茨,SMS Seydlitz/Seydlitz,塞德利茨号巡洋舰,其他,,,游戏,游戏,碧蓝航线,碧蓝航线,2017,游戏,,我是铁血所属的战列巡洋舰塞德利茨。不屈为我的名誉，战果为我的荣光，我会在港区作为长官的利刃而努力的！请长官下令吧！ 角色设定 正義感が強く真面目な性格で、上下の立場を大事にする軍人系な気質をもつ。 自身の思惑より、「上官殿が望んでいるかどうか」を行動基準とする一面があり、 命令通りできていただろうかと不安を感じることもしばしば。,1,0,0,1,,https://lain.bgm.tv/pic/crt/l/27/9a/193023_crt_Fv7td.jpg,https://lain.bgm.tv/r/400/pic/crt/l/27/9a/193023_crt_Fv7td.jpg,,,,,https://bgm.tv/character/193023,,193023
bgm-bgm73192,bangumi,3,30,,东云晶,東雲あきら,Shinonome Akira,,其他,,,动画|漫画,动画,ライフル・イズ・ビューティフル,美妙射击部,2019,动画,"[{""t"":""ライフル・イズ・ビューティフル"",""cn"":""美妙射击部"",""ty"":""动画"",""y"":2019,""pop"":0},{""t"":""ライフル・イズ・ビューティフル"",""cn"":""美妙射击社"",""ty"":""漫画"",""y"":2016,""pop"":0}]",射撃部の部長で、全日本ジュニア代表。オリンピック強化指定選手ということもあり、エアライフル競技者でもある。エリカの従姉妹で千鳥との練習試合をその伝手で受ける。いい加減で冗談ばかり口にするためか、たまに真面目なことを言っても内容よりその姿に驚かれることが多い困った性格。,1,0,0,1,,,,,,,,https://bgm.tv/character/73192,,73192
bgm-bgm99700,bangumi,3,30,,,程熔,,,其他,,,动画,动画,眷思量 第二季,,2024,动画,"[{""t"":""眷思量 第二季"",""cn"":"""",""ty"":""动画"",""y"":2024,""pop"":0},{""t"":""眷思量"",""cn"":"""",""ty"":""动画"",""y"":2021,""pop"":0}]",,0,0,0,0,,,,,,,,https://bgm.tv/character/99700,,99700
bgm-bgm210418,bangumi,3,30,,珀尼,ボニー,,,其他,,,动画,动画,魔入りました！入間くん 第4シリーズ,入间同学入魔了 第四季,2026,动画,,,0,0,0,0,,,,,,,,https://bgm.tv/character/210418,,210418
bgm-bgm57299,bangumi,3,30,,大将军,大将軍,,,其他,,,动画|漫画,动画,将国のアルタイル,将国之天鹰星,2017,动画,"[{""t"":""将国のアルタイル"",""cn"":""将国之天鹰星"",""ty"":""动画"",""y"":2017,""pop"":0},{""t"":""将国のアルタイル"",""cn"":""将国之天鹰星"",""ty"":""漫画"",""y"":2008,""pop"":0}]",トルキエ将国の最高権力者。,0,0,0,0,,,,,,,,https://bgm.tv/character/57299,,57299
bgm-bgm33452,bangumi,3,30,,,大咲香,,,其他,,,动画,动画,少年ハリウッド -HOLLY STAGE FOR 49-,少年好莱坞,2014,动画,"[{""t"":""少年ハリウッド -HOLLY STAGE FOR 49-"",""cn"":""少年好莱坞"",""ty"":""动画"",""y"":2014,""pop"":0},{""t"":""少年ハリウッド -HOLLY STAGE FOR 49- vol.5 特典CD"",""cn"":"""",""ty"":""音乐"",""y"":2015,""pop"":0}]",ハリウッドカラー：ピンク。愛称は「コウ」。誕生日は3月30日。 “女の子が大好き”という言葉の裏に隠された秘密が、彼が愛する歌の原動力。 二卵性の双子の妹がおり、非常に凶暴であることに悩んでいる。本名は「未来（ミクル）」。 少年ハリウッド解散後はソロ歌手として活動している。 自己紹介は「約束なんて守れない。なぜなら僕が一番に守らなきゃいけないのは、キミなんだから！咲き誇る花、大咲香、１６歳です。」,0,0,0,0,,,,,,,,https://bgm.tv/character/33452,,33452
bgm-bgm196606,bangumi,3,30,,,一条白奈,,,其他,,,Galgame,Galgame,マブラヴ ガールズガーデン,,2025,Galgame,,ミステリアスなオーラを漂わせる寡黙な少女。様々な分野で好成績を残している事から、学内でも一目置かれている。何やら、誰にも言えない秘密があるらしいが……？,0,0,0,0,,https://lain.bgm.tv/pic/crt/l/26/81/196606_crt_GGOBA.jpg,https://lain.bgm.tv/r/400/pic/crt/l/26/81/196606_crt_GGOBA.jpg,,,,,https://bgm.tv/character/196606,,196606
bgm-bgm179023,bangumi,3,30,,金桂,金桂,,,其他,,,游戏,游戏,新月同行,新月同行,2024,游戏,,龙井在少武堂时期的同学，将胜过龙井当做自己的终极目标，但从未在比试中胜过龙井。在选定时曦保镖时，金桂被龙井战胜落选。但她仍旧凭借个人能力，获得了保护全联堂长老的工作。,0,0,0,0,,https://lain.bgm.tv/pic/crt/l/85/ed/179023_crt_f9HF6.jpg,https://lain.bgm.tv/r/400/pic/crt/l/85/ed/179023_crt_f9HF6.jpg,,,,,https://bgm.tv/character/179023,,179023
bgm-bgm165797,bangumi,3,30,,滑川雾,滑川霧,,,其他,AB,,动画|漫画,动画,デッドアカウント,死亡账号,2026,动画,"[{""t"":""デッドアカウント"",""cn"":""死亡账号"",""ty"":""动画"",""y"":2026,""pop"":0},{""t"":""デッドアカウント"",""cn"":""死亡账号"",""ty"":""漫画"",""y"":2023,""pop"":0}]",一階甲組 電能：催眠さいみんアプリ 何を考えているのか読みづらく、どこか独特な雰囲気の人物。 趣味は昆虫観察とフェイクニュース作り。,0,0,0,0,,,,,,,,https://bgm.tv/character/165797,,165797
bgm-bgm58789,bangumi,3,30,,古雷罗德,グレイロード,Grayroad,,,なし,,动画|漫画,动画,七つの大罪 戒めの復活,七大罪 戒律的复活,2018,动画,"[{""t"":""七つの大罪 戒めの復活"",""cn"":""七大罪 戒律的复活"",""ty"":""动画"",""y"":2018,""pop"":0},{""t"":""七つの大罪"",""cn"":""七大罪"",""ty"":""漫画"",""y"":2013,""pop"":0}]",外表为多个灰色魔神的脸覆盖全身的黑色团状物体。是在无性别的下位魔神中突变而产生的稀有女王种上位魔神，假扮成多格特与戴尔多勒等三人调班，偷走了解开完美无缺立方体的咒言之玉，救了被苍天的六连星抓住的弗劳德林。 最后被玛琳击败，并被封入试管中，成为玛琳的实验素材。 戒律：“不杀”（不殺/ふさつ） 在她面前进行“杀生”的人都会被夺走时间，一瞬间老化而死。 魔力：“不净”（不浄/カース）,0,0,0,0,,,,,,,,https://bgm.tv/character/58789,,58789
bgm-bgm67748,bangumi,3,30,,真壁漆喰,真壁漆喰,Makabe Shikkui,,其他,B,,动画|漫画,动画,僕のヒーローアカデミア 第3期,我的英雄学院 第三季,2018,动画,"[{""t"":""僕のヒーローアカデミア 第3期"",""cn"":""我的英雄学院 第三季"",""ty"":""动画"",""y"":2018,""pop"":0},{""t"":""僕のヒーローアカデミア 第6期"",""cn"":""我的英雄学院 第六季"",""ty"":""动画"",""y"":2022,""pop"":0},{""t"":""僕のヒーローアカデミア 第5期"",""cn"":""我的英雄学院 第五季"",""ty"":""动画"",""y"":2021,""pop"":0},{""t"":""僕のヒーローアカデミア"",""cn"":""我的英雄学院"",""ty"":""漫画"",""y"":2014,""pop"":0}]",个性：硬质化 杰物高中2年2班男学生。能让手碰到或搓揉过的物体硬化(生物除外)。,0,0,0,0,,,,,,,,https://bgm.tv/character/67748,,67748
bgm-bgm89520,bangumi,3,30,,甲斐凑,甲斐ミナト,Minato Kai,,其他,,,动画,动画,プレイタの傷,Praeter之伤,2021,动画,,ヤマトの義理の弟。四年前の暁抗争で両親を失い、 その時出会ったヤマトと兄弟となる。甲斐家の家事担当。 明るく素直だが、少し天然で図太いところもある。 兄のヤマトをとても尊敬しているが、 その反面彼の助けになれない自分に葛藤を抱えている。 だがそこで悩まず、打開策を前向きに考える芯の強さがある。,0,0,0,0,,,,,,,,https://bgm.tv/character/89520,,89520
bgm-bgm117509,bangumi,3,30,,大月凛,大月凛,Otsuki Lin,,其他,A,,动画,动画,UniteUp!,众星齐聚,2023,动画,"[{""t"":""UniteUp!"",""cn"":""众星齐聚"",""ty"":""动画"",""y"":2023,""pop"":0},{""t"":""UniteUp! -Uni:Birth-"",""cn"":""众星齐聚 -Uni:Birth-"",""ty"":""动画"",""y"":2025,""pop"":0}]",groovyプロダクション所属のアイドル“Anela”として絶大な人気を誇ったが、怪我のため引退。sMiLeaプロダクションを設立し、後進アイドルの育成に取り組む。子役出身でプロ意識が高く、努力家。厳しい一面もあるが、フレンドリーで、所属アイドルたちを大切に思っている。,0,0,0,0,,,,,,,,https://bgm.tv/character/117509,,117509
bgm-bgm169463,bangumi,3,30,,,瑰盐,Rose Salt,,其他,,,游戏,游戏,明日方舟,明日方舟,2019,游戏,,瑰盐，伊比利亚地区的流浪草药医生，人脉资源丰富，涵盖当地各阶层人士，现为罗德岛提供伊比利亚相关情报及工作开展前期的调研支持。,0,0,0,0,,https://lain.bgm.tv/pic/crt/l/93/4a/169463_crt_E12vf.jpg,https://lain.bgm.tv/r/400/pic/crt/l/93/4a/169463_crt_E12vf.jpg,https://storage.moegirl.org.cn/moegirl/commons/4/4b/%E6%98%8E%E6%97%A5%E6%96%B9%E8%88%9F%E7%AB%8B%E7%BB%98_%E7%91%B0%E7%9B%90_2.png!/fw/480/watermark/url/L21vZWdpcmwvd2F0ZXJtYXJrLnBuZw==/align/southeast/margin/10x10/opacity/50?v=20241205072207|https://storage.moegirl.org.cn/moegirl/commons/4/4b/%E6%98%8E%E6%97%A5%E6%96%B9%E8%88%9F%E7%AB%8B%E7%BB%98_%E7%91%B0%E7%9B%90_2.png,,图源:moegirl,,https://bgm.tv/character/169463,,169463
bgm-bgm173576,bangumi,3,30,,鸟岛,鳥嶋,Torishima,,其他,,,动画,动画,バクマン。3,爆漫王。3,2012,动画,"[{""t"":""バクマン。3"",""cn"":""爆漫王。3"",""ty"":""动画"",""y"":2012,""pop"":0},{""t"":""バクマン。2"",""cn"":""爆漫王。2"",""ty"":""动画"",""y"":2011,""pop"":0}]",集英社取締役。1952年3月30日生。モデルは実際の集英社取締役で『WJ』第6代編集長の鳥嶋和彦。 「超ヒーロー伝説」連載当時は『WJ』の編集長だった。同作には、彼をモデルにした「取締マン（とりしマン）」というキャラが登場しており、当時の川口たろうは新年会の場で鳥嶋に「俺を勝手に出しやがって」と首を絞められたらしいが、当人たちにとってのスキンシップで、当時の川口に対する彼なりの愛情表現である。,0,0,0,0,,,,,,,,https://bgm.tv/character/173576,,173576
